Time,Fuel,Fan,Feed,Temp,O2
09/30/2012 09:00:00,19.99253112033195,90.0,100,899.9999999944482,5.0
09/30/2012 09:00:10,19.99253112033195,90.0,100,899.9999999944482,5.0
09/30/2012 09:00:20,19.99253112033195,90.0,100,899.9999999944482,5.0
09/30/2012 09:00:30,19.99253112033195,90.0,100,899.9999999944482,5.0
09/30/2012 09:00:40,19.99253112033195,90.0,100,899.9999999944482,5.0
09/30/2012 09:00:50,19.99253112033195,90.0,100,899.9999999944482,5.0
09/30/2012 09:01:00,19.99253112033195,90.0,100,899.9999999944482,5.0
09/30/2012 09:01:10,19.99253112033195,90.0,100,899.9999999944482,5.0
09/30/2012 09:01:20,19.99253112033195,90.0,100,899.9999999944482,5.0
09/30/2012 09:01:30,19.99253112033195,90.0,100,899.9999999944482,5.0
09/30/2012 09:01:40,19.99253112033195,90.0,100,899.9999999944482,5.0
09/30/2012 09:01:50,19.99253112033195,90.0,100,899.9999999944482,5.0
09/30/2012 09:02:00,19.99253112033195,90.0,100,899.9999999944482,5.0
09/30/2012 09:02:10,19.99253112033195,90.0,100,899.9999999944482,5.0
09/30/2012 09:02:20,19.99253112033195,90.0,100,899.9999999944482,5.0
09/30/2012 09:02:30,19.99253112033195,90.0,100,899.9999999944482,5.0
09/30/2012 09:02:40,19.99253112033195,90.0,100,899.9999999944482,5.0
09/30/2012 09:02:50,19.99253112033195,90.0,100,899.9999999944482,5.0
09/30/2012 09:03:00,19.99253112033195,90.0,100,899.9999999944482,5.0
09/30/2012 09:03:10,19.99253112033195,90.0,100,899.9999999944482,5.0
09/30/2012 09:03:20,19.99253112033195,90.0,100,899.9999999944482,5.0
09/30/2012 09:03:30,19.99253112033195,90.0,100,899.9999999944482,5.0
09/30/2012 09:03:40,19.99253112033195,90.0,100,899.9999999944482,5.0
09/30/2012 09:03:50,19.99253112033195,90.0,100,899.9999999944482,5.0
09/30/2012 09:04:00,19.99253112033195,90.0,100,899.9999999944482,5.0
09/30/2012 09:04:10,19.99253112033195,90.0,100,899.9999999944482,5.0
09/30/2012 09:04:20,19.99253112033195,90.0,100,899.9999999944482,5.0
09/30/2012 09:04:30,19.99253112033195,90.0,100,899.9999999944482,5.0
09/30/2012 09:04:40,19.99253112033195,90.0,100,899.9999999944482,5.0
09/30/2012 09:04:50,19.99253112033195,90.0,100,899.9999999944482,5.0
09/30/2012 09:05:00,19.99253112033195,90.0,100,899.9999999944482,5.0
09/30/2012 09:05:10,19.99253112033195,90.0,100,899.9999999944482,5.0
09/30/2012 09:05:20,19.99253112033195,90.0,100,899.9999999944482,5.0
09/30/2012 09:05:30,19.99253112033195,90.0,100,899.9999999944482,5.0
09/30/2012 09:05:40,19.99253112033195,90.0,100,899.9999999944482,5.0
09/30/2012 09:05:50,19.99253112033195,90.0,100,899.9999999944482,5.0
09/30/2012 09:06:00,19.99253112033195,90.0,100,899.9999999944482,5.0
09/30/2012 09:06:10,19.99253112033195,90.0,100,899.9999999944482,5.0
09/30/2012 09:06:20,19.99253112033195,90.0,100,899.9999999944482,5.0
09/30/2012 09:06:30,19.99253112033195,90.0,100,899.9999999944482,5.0
09/30/2012 09:06:40,19.99253112033195,90.0,100,899.9999999944482,5.0
09/30/2012 09:06:50,19.99253112033195,90.0,100,899.9999999944482,5.0
09/30/2012 09:07:00,19.99253112033195,90.0,100,899.9999999944482,5.0
09/30/2012 09:07:10,19.99253112033195,90.0,100,899.9999999944482,5.0
09/30/2012 09:07:20,19.99253112033195,90.0,100,899.9999999944482,5.0
09/30/2012 09:07:30,19.99253112033195,90.0,100,899.9999999944482,5.0
09/30/2012 09:07:40,19.99253112033195,90.0,100,899.9999999944482,5.0
09/30/2012 09:07:50,19.99253112033195,90.0,100,899.9999999944482,5.0
09/30/2012 09:08:00,19.99253112033195,90.0,100,899.9999999944482,5.0
09/30/2012 09:08:10,19.99253112033195,90.0,100,899.9999999944482,5.0
09/30/2012 09:08:20,22.99253112033195,90.0,100,899.9999999944482,5.0
09/30/2012 09:08:30,22.99253112033195,90.0,100,899.9999999944482,5.0
09/30/2012 09:08:40,22.99253112033195,90.0,100,900.3599999944483,4.925
09/30/2012 09:08:50,22.99253112033195,90.0,100,900.6479999944484,4.86875
09/30/2012 09:09:00,22.99253112033195,90.0,100,900.8783999944483,4.8265625
09/30/2012 09:09:10,22.99253112033195,90.0,100,901.0627199944481,4.794921875
09/30/2012 09:09:20,22.99253112033195,90.0,100,901.2101759944483,4.77119140625
09/30/2012 09:09:30,22.99253112033195,90.0,100,901.3281407944482,4.7533935546875
09/30/2012 09:09:40,22.99253112033195,90.0,100,901.4225126344484,4.74004516601562
09/30/2012 09:09:50,22.99253112033195,90.0,100,901.4980101064482,4.73003387451172
09/30/2012 09:10:00,22.99253112033195,90.0,100,901.5584080840483,4.722525405883791
09/30/2012 09:10:10,22.99253112033195,90.0,100,901.6067264661285,4.71689405441284
09/30/2012 09:10:20,22.99253112033195,90.0,100,901.6453811717922,4.71267054080963
09/30/2012 09:10:30,22.99253112033195,90.0,100,901.6763049363233,4.70950290560722
09/30/2012 09:10:40,22.99253112033195,90.0,100,901.7010439479484,4.70712717920542
09/30/2012 09:10:50,22.99253112033195,90.0,100,901.7208351572483,4.70534538440406
09/30/2012 09:11:00,22.99253112033195,90.0,100,901.7366681246883,4.70400903830305
09/30/2012 09:11:10,22.99253112033195,90.0,100,901.7493344986403,4.70300677872729
09/30/2012 09:11:20,22.99253112033195,90.0,100,901.7594675978023,4.70225508404546
09/30/2012 09:11:30,22.99253112033195,90.0,100,901.7675740771313,4.701691313034099
09/30/2012 09:11:40,22.99253112033195,90.0,100,901.7740592605942,4.70126848477557
09/30/2012 09:11:50,22.99253112033195,90.0,100,901.7792474073651,4.700951363581679
09/30/2012 09:12:00,22.99253112033195,90.0,100,901.7833979247823,4.70071352268626
09/30/2012 09:12:10,22.99253112033195,90.0,100,901.7867183387152,4.7005351420147
09/30/2012 09:12:20,22.99253112033195,90.0,100,901.7893746698621,4.700401356511019
09/30/2012 09:12:30,22.99253112033195,90.0,100,901.7914997347791,4.7003010173832696
09/30/2012 09:12:40,22.99253112033195,90.0,100,901.7931997867133,4.700225763037451
09/30/2012 09:12:50,22.99253112033195,90.0,100,901.7945598282602,4.70016932227809
09/30/2012 09:13:00,22.99253112033195,90.0,100,901.7956478614972,4.70012699170857
09/30/2012 09:13:10,22.99253112033195,90.0,100,901.7965182880882,4.70009524378142
09/30/2012 09:13:20,22.99253112033195,90.0,100,901.7972146293603,4.70007143283607
09/30/2012 09:13:30,22.99253112033195,90.0,100,901.7977717023771,4.7000535746270495
09/30/2012 09:13:40,22.99253112033195,90.0,100,901.7982173607911,4.70004018097029
09/30/2012 09:13:50,22.99253112033195,90.0,100,901.7985738875232,4.70003013572772
09/30/2012 09:14:00,22.99253112033195,90.0,100,901.7988591089081,4.70002260179579
09/30/2012 09:14:10,22.99253112033195,90.0,100,901.7990872860162,4.700016951346839
09/30/2012 09:14:20,22.99253112033195,90.0,100,901.7992698277021,4.70001271351013
09/30/2012 09:14:30,22.99253112033195,90.0,100,901.7994158610511,4.700009535132599
09/30/2012 09:14:40,22.99253112033195,90.0,100,901.799532687731,4.700007151349451
09/30/2012 09:14:50,22.99253112033195,90.0,100,901.7996261490741,4.70000536351209
09/30/2012 09:15:00,22.99253112033195,90.0,100,901.7997009181493,4.70000402263406
09/30/2012 09:15:10,22.99253112033195,90.0,100,901.7997607334094,4.7000030169755505
09/30/2012 09:15:20,22.99253112033195,90.0,100,901.7998085856173,4.70000226273166
09/30/2012 09:15:30,22.99253112033195,90.0,100,901.7998468673834,4.70000169704875
09/30/2012 09:15:40,22.99253112033195,90.0,100,901.7998774927962,4.70000127278656
09/30/2012 09:15:50,22.99253112033195,90.0,100,901.7999019931262,4.70000095458992
09/30/2012 09:16:00,22.99253112033195,90.0,100,901.7999215933912,4.700000715942441
09/30/2012 09:16:10,22.99253112033195,90.0,100,901.7999372736024,4.70000053695683
09/30/2012 09:16:20,22.99253112033195,90.0,100,901.7999498177712,4.70000040271762
09/30/2012 09:16:30,22.99253112033195,90.0,100,901.7999598531071,4.7000003020382195
09/30/2012 09:16:40,19.99253112033195,90.0,100,901.7999678813751,4.70000022652866
09/30/2012 09:16:50,19.99253112033195,90.0,100,901.7999743039902,4.7000001698965
09/30/2012 09:17:00,19.99253112033195,90.0,100,901.4399794420813,4.77500012742237
09/30/2012 09:17:10,19.99253112033195,90.0,100,901.1519835525553,4.831250095566781
09/30/2012 09:17:20,19.99253112033195,90.0,100,900.9215868409331,4.8734375716750895
09/30/2012 09:17:30,19.99253112033195,90.0,100,900.7372694716362,4.90507817875631
09/30/2012 09:17:40,19.99253112033195,90.0,100,900.589815576199,4.928808634067241
09/30/2012 09:17:50,19.99253112033195,90.0,100,900.4718524598491,4.94660647555043
09/30/2012 09:18:00,19.99253112033195,90.0,100,900.3774819667681,4.95995485666282
09/30/2012 09:18:10,19.99253112033195,90.0,100,900.3019855723044,4.96996614249711
09/30/2012 09:18:20,19.99253112033195,90.0,100,900.2415884567333,4.97747460687284
09/30/2012 09:18:30,19.99253112033195,90.0,100,900.1932707642761,4.98310595515463
09/30/2012 09:18:40,19.99253112033195,90.0,100,900.1546166103101,4.98732946636597
09/30/2012 09:18:50,19.99253112033195,90.0,100,900.1236932871382,4.990497099774481
09/30/2012 09:19:00,19.99253112033195,90.0,100,900.0989546286003,4.992872824830861
09/30/2012 09:19:10,19.99253112033195,90.0,100,900.0791637017703,4.99465461862314
09/30/2012 09:19:20,19.99253112033195,90.0,100,900.0633309603052,4.99599096396736
09/30/2012 09:19:30,19.99253112033195,90.0,100,900.0506647671343,4.99699322297552
09/30/2012 09:19:40,19.99253112033195,90.0,100,900.040531812597,4.99774491723164
09/30/2012 09:19:50,19.99253112033195,90.0,100,900.0324254489672,4.99830868792373
09/30/2012 09:20:00,19.99253112033195,90.0,100,900.0259403580633,4.9987315159428
09/30/2012 09:20:10,19.99253112033195,90.0,100,900.0207522853402,4.9990486369571
09/30/2012 09:20:20,19.99253112033195,90.0,100,900.0166018271623,4.9992864777178205
09/30/2012 09:20:30,19.99253112033195,90.0,100,900.0132814606193,4.999464858288371
09/30/2012 09:20:40,19.99253112033195,90.0,100,900.0106251673853,4.99959864371628
09/30/2012 09:20:50,19.99253112033195,90.0,100,900.0085001327973,4.999698982787209
09/30/2012 09:21:00,19.99253112033195,90.0,100,900.0068001051272,4.9997742370904
09/30/2012 09:21:10,19.99253112033195,90.0,100,900.0054400829922,4.9998306778178
09/30/2012 09:21:20,19.99253112033195,90.0,100,900.0043520652832,4.999873008363349
09/30/2012 09:21:30,19.99253112033195,90.0,100,900.0034816511163,4.999904756272509
09/30/2012 09:21:40,19.99253112033195,90.0,100,900.0027853197823,4.99992856720439
09/30/2012 09:21:50,19.99253112033195,90.0,100,900.0022282547152,4.99994642540329
09/30/2012 09:22:00,19.99253112033195,90.0,100,900.0017826026622,4.99995981905247
09/30/2012 09:22:10,19.99253112033195,90.0,100,900.0014260810192,4.9999698642893495
09/30/2012 09:22:20,19.99253112033195,90.0,100,900.0011408637054,4.99997739821701
09/30/2012 09:22:30,19.99253112033195,90.0,100,900.0009126898542,4.999983048662759
09/30/2012 09:22:40,19.99253112033195,90.0,100,900.0007301507724,4.9999872864970705
09/30/2012 09:22:50,19.99253112033195,90.0,100,900.0005841195082,4.999990464872799
09/30/2012 09:23:00,19.99253112033195,90.0,100,900.0004672944963,4.9999928486546
09/30/2012 09:23:10,19.99253112033195,90.0,100,900.0003738344863,4.99999463649095
09/30/2012 09:23:20,19.99253112033195,90.0,100,900.0002990664791,4.99999597736821
09/30/2012 09:23:30,19.99253112033195,90.0,100,900.0002392520721,4.99999698302616
09/30/2012 09:23:40,19.99253112033195,90.0,100,900.0001914005472,4.99999773726962
09/30/2012 09:23:50,19.99253112033195,90.0,100,900.0001531193282,4.9999983029522195
09/30/2012 09:24:00,19.99253112033195,90.0,100,900.0001224943524,4.99999872721416
09/30/2012 09:24:10,19.99253112033195,90.0,100,900.0000979943711,4.99999904541062
09/30/2012 09:24:20,19.99253112033195,90.0,100,900.0000783943863,4.99999928405797
09/30/2012 09:24:30,19.99253112033195,90.0,100,900.0000627143993,4.99999946304347
09/30/2012 09:24:40,19.99253112033195,90.0,100,900.0000501704092,4.999999597282611
09/30/2012 09:24:50,19.99253112033195,90.0,100,900.0000401352161,4.99999969796195
09/30/2012 09:25:00,16.99253112033195,90.0,100,900.0000321070631,4.99999977347147
09/30/2012 09:25:10,16.99253112033195,90.0,100,900.0000256845403,4.999999830103599
09/30/2012 09:25:20,16.99253112033195,90.0,100,899.6400205465213,5.0749998725777
09/30/2012 09:25:30,16.99253112033195,90.0,100,899.3520164361073,5.131249904433269
09/30/2012 09:25:40,16.99253112033195,90.0,100,899.1216131477752,5.17343742832496
09/30/2012 09:25:50,16.99253112033195,90.0,100,898.9372905171101,5.20507807124372
09/30/2012 09:26:00,16.99253112033195,90.0,100,898.7898324125772,5.22880855343279
09/30/2012 09:26:10,16.99253112033195,90.0,100,898.6718659289511,5.24660641507459
09/30/2012 09:26:20,16.99253112033195,90.0,100,898.5774927420512,5.25995481130594
09/30/2012 09:26:30,16.99253112033195,90.0,100,898.5019941925302,5.26996610847946
09/30/2012 09:26:40,16.99253112033195,90.0,100,898.4415953529144,5.27747458135959
09/30/2012 09:26:50,16.99253112033195,90.0,100,898.3932762812212,5.283105936019691
09/30/2012 09:27:00,16.99253112033195,90.0,100,898.3546210238662,5.287329452014769
09/30/2012 09:27:10,16.99253112033195,90.0,100,898.3236968179822,5.2904970890110805
09/30/2012 09:27:20,16.99253112033195,90.0,100,898.2989574532762,5.29287281675831
09/30/2012 09:27:30,16.99253112033195,90.0,100,898.2791659615102,5.29465461256873
09/30/2012 09:27:40,16.99253112033195,90.0,100,898.2633327680983,5.2959909594265495
09/30/2012 09:27:50,16.99253112033195,90.0,100,898.250666213368,5.29699321956991
09/30/2012 09:28:00,16.99253112033195,90.0,100,898.2405329695841,5.29774491467743
09/30/2012 09:28:10,16.99253112033195,90.0,100,898.232426374557,5.29830868600808
09/30/2012 09:28:20,16.99253112033195,90.0,100,898.2259410985353,5.298731514506059
09/30/2012 09:28:30,16.99253112033195,90.0,100,898.2207528777174,5.29904863587954
09/30/2012 09:28:40,16.99253112033195,90.0,100,898.2166023010643,5.29928647690966
09/30/2012 09:28:50,16.99253112033195,90.0,100,898.2132818397411,5.29946485768224
09/30/2012 09:29:00,16.99253112033195,90.0,100,898.2106254706821,5.299598643261679
09/30/2012 09:29:10,16.99253112033195,90.0,100,898.2085003754353,5.29969898244626
09/30/2012 09:29:20,16.99253112033195,90.0,100,898.2068002992382,5.2997742368347005
09/30/2012 09:29:30,16.99253112033195,90.0,100,898.2054402382803,5.299830677626019
09/30/2012 09:29:40,16.99253112033195,90.0,100,898.2043521895132,5.299873008219519
09/30/2012 09:29:50,16.99253112033195,90.0,100,898.2034817505003,5.29990475616464
09/30/2012 09:30:00,16.99253112033195,90.0,100,898.2027853992902,5.29992856712348
09/30/2012 09:30:10,16.99253112033195,90.0,100,898.2022283183221,5.29994642534261
09/30/2012 09:30:20,16.99253112033195,90.0,100,898.2017826535473,5.2999598190069594
09/30/2012 09:30:30,16.99253112033195,90.0,100,898.2014261217273,5.299969864255219
09/30/2012 09:30:40,16.99253112033195,90.0,100,898.2011408962712,5.299977398191411
09/30/2012 09:30:50,16.99253112033195,90.0,100,898.2009127159074,5.2999830486435595
09/30/2012 09:31:00,16.99253112033195,90.0,100,898.2007301716153,5.299987286482669
09/30/2012 09:31:10,16.99253112033195,90.0,100,898.2005841361822,5.299990464862
09/30/2012 09:31:20,16.99253112033195,90.0,100,898.2004673078352,5.2999928486465
09/30/2012 09:31:30,16.99253112033195,90.0,100,898.2003738451574,5.29999463648488
09/30/2012 09:31:40,16.99253112033195,90.0,100,898.2002990750161,5.29999597736366
09/30/2012 09:31:50,16.99253112033195,90.0,100,898.2002392589022,5.299996983022741
09/30/2012 09:32:00,16.99253112033195,90.0,100,898.2001914060113,5.299997737267059
09/30/2012 09:32:10,16.99253112033195,90.0,100,898.200153123699,5.29999830295029
09/30/2012 09:32:20,16.99253112033195,90.0,100,898.2001224978492,5.29999872721272
09/30/2012 09:32:30,16.99253112033195,90.0,100,898.2000979971681,5.29999904540954
09/30/2012 09:32:40,16.99253112033195,90.0,100,898.2000783966243,5.29999928405716
09/30/2012 09:32:50,16.99253112033195,90.0,100,898.2000627161892,5.29999946304287
09/30/2012 09:33:00,16.99253112033195,90.0,100,898.2000501718412,5.2999995972821505
09/30/2012 09:33:10,16.99253112033195,90.0,100,898.2000401363623,5.299999697961611
09/30/2012 09:33:20,19.99253112033195,94.5,100,898.2000321079793,5.29999977347121
09/30/2012 09:33:30,19.99253112033195,94.5,100,898.2000256852732,5.29999983010341
09/30/2012 09:33:40,19.99253112033195,94.5,100,898.4475205471083,5.89999987257756
09/30/2012 09:33:50,19.99253112033195,94.5,100,898.6455164365764,6.34999990443317
09/30/2012 09:34:00,19.99253112033195,94.5,100,898.8039131481503,6.68749992832487
09/30/2012 09:34:10,19.99253112033195,94.5,100,898.9306305174102,6.940624946243661
09/30/2012 09:34:20,19.99253112033195,94.5,100,899.0320044128182,7.13046870968274
09/30/2012 09:34:30,19.99253112033195,94.5,100,899.1131035291444,7.2728515322620595
09/30/2012 09:34:40,19.99253112033195,94.5,100,899.1779828222052,7.37963864919654
09/30/2012 09:34:50,19.99253112033195,94.5,100,899.2298862566533,7.45972898689741
09/30/2012 09:35:00,19.99253112033195,94.5,100,899.271409004212,7.51979674017306
09/30/2012 09:35:10,19.99253112033195,94.5,100,899.3046272022591,7.5648475551297905
09/30/2012 09:35:20,19.99253112033195,94.5,100,899.331201760697,7.598635666347341
09/30/2012 09:35:30,19.99253112033195,94.5,100,899.3524614074472,7.6239767497605095
09/30/2012 09:35:40,19.99253112033195,94.5,100,899.3694691248472,7.64298256232038
09/30/2012 09:35:50,19.99253112033195,94.5,100,899.3830752987681,7.65723692174029
09/30/2012 09:36:00,19.99253112033195,94.5,100,899.3939602379041,7.667927691305209
09/30/2012 09:36:10,19.99253112033195,94.5,100,899.4026681892121,7.675945768478909
09/30/2012 09:36:20,19.99253112033195,94.5,100,899.4096345502603,7.6819593263591806
09/30/2012 09:36:30,19.99253112033195,94.5,100,899.4152076390972,7.68646949476939
09/30/2012 09:36:40,19.99253112033195,94.5,100,899.4196661101671,7.68985212107704
09/30/2012 09:36:50,19.99253112033195,94.5,100,899.4232328870241,7.69238909080778
09/30/2012 09:37:00,19.99253112033195,94.5,100,899.426086308508,7.69429181810584
09/30/2012 09:37:10,19.99253112033195,94.5,100,899.4283690456962,7.695718863579379
09/30/2012 09:37:20,19.99253112033195,94.5,100,899.4301952354472,7.69678914768453
09/30/2012 09:37:30,19.99253112033195,94.5,100,899.4316561872472,7.697591860763401
09/30/2012 09:37:40,19.99253112033195,94.5,100,899.4328249486873,7.69819389557255
09/30/2012 09:37:50,19.99253112033195,94.5,100,899.4337599578391,7.69864542167941
09/30/2012 09:38:00,19.99253112033195,94.5,100,899.4345079651614,7.698984066259559
09/30/2012 09:38:10,19.99253112033195,94.5,100,899.4351063710194,7.699238049694671
09/30/2012 09:38:20,19.99253112033195,94.5,100,899.4355850957043,7.699428537271
09/30/2012 09:38:30,19.99253112033195,94.5,100,899.435968075453,7.69957140295325
09/30/2012 09:38:40,19.99253112033195,94.5,100,899.436274459252,7.699678552214941
09/30/2012 09:38:50,19.99253112033195,94.5,100,899.436519566291,7.6997589141612
09/30/2012 09:39:00,19.99253112033195,94.5,100,899.4367156519231,7.699819185620901
09/30/2012 09:39:10,19.99253112033195,94.5,100,899.4368725204283,7.699864389215679
09/30/2012 09:39:20,19.99253112033195,94.5,100,899.4369980152321,7.69989829191176
09/30/2012 09:39:30,19.99253112033195,94.5,100,899.4370984110753,7.699923718933821
09/30/2012 09:39:40,19.99253112033195,94.5,100,899.4371787277503,7.699942789200361
09/30/2012 09:39:50,19.99253112033195,94.5,100,899.4372429810892,7.69995709190027
09/30/2012 09:40:00,19.99253112033195,94.5,100,899.4372943837614,7.6999678189252005
09/30/2012 09:40:10,19.99253112033195,94.5,100,899.4373355058981,7.699975864193901
09/30/2012 09:40:20,19.99253112033195,94.5,100,899.4373684036084,7.69998189814543
09/30/2012 09:40:30,19.99253112033195,94.5,100,899.4373947217762,7.6999864236090705
09/30/2012 09:40:40,19.99253112033195,94.5,100,899.4374157763111,7.6999898177068
09/30/2012 09:40:50,19.99253112033195,94.5,100,899.4374326199384,7.699992363280099
09/30/2012 09:41:00,19.99253112033195,94.5,100,899.4374460948402,7.6999942724600805
09/30/2012 09:41:10,19.99253112033195,94.5,100,899.4374568747623,7.699995704345059
09/30/2012 09:41:20,19.99253112033195,94.5,100,899.4374654986991,7.6999967782587895
09/30/2012 09:41:30,19.99253112033195,94.5,100,899.4374723978492,7.699997583694089
09/30/2012 09:41:40,19.99253112033195,90.0,100,899.4374779171692,7.6999981877705705
09/30/2012 09:41:50,19.99253112033195,90.0,100,899.4374823326241,7.69999864082793
09/30/2012 09:42:00,19.99253112033195,90.0,100,899.5499858649891,7.024998980620951
09/30/2012 09:42:10,19.99253112033195,90.0,100,899.6399886908812,6.51874923546571
09/30/2012 09:42:20,19.99253112033195,90.0,100,899.7119909515943,6.139061926599281
09/30/2012 09:42:30,19.99253112033195,90.0,100,899.7695927601651,5.85429644494946
09/30/2012 09:42:40,19.99253112033195,90.0,100,899.8156742070221,5.6407223337121
09/30/2012 09:42:50,19.99253112033195,90.0,100,899.8525393645073,5.48054175028407
09/30/2012 09:43:00,19.99253112033195,90.0,100,899.8820314904954,5.3604063127130495
09/30/2012 09:43:10,19.99253112033195,90.0,100,899.9056251912864,5.27030473453479
09/30/2012 09:43:20,19.99253112033195,90.0,100,899.9245001519182,5.20272855090109
09/30/2012 09:43:30,19.99253112033195,90.0,100,899.9396001204243,5.15204641317582
09/30/2012 09:43:40,19.99253112033195,90.0,100,899.951680095229,5.11403480988186
09/30/2012 09:43:50,19.99253112033195,90.0,100,899.9613440750734,5.0855261074114
09/30/2012 09:44:00,19.99253112033195,90.0,100,899.9690752589484,5.064144580558549
09/30/2012 09:44:10,19.99253112033195,90.0,100,899.9752602060482,5.048108435418911
09/30/2012 09:44:20,19.99253112033195,90.0,100,899.9802081637283,5.0360813265641795
09/30/2012 09:44:30,19.99253112033195,90.0,100,899.9841665298723,5.02706099492314
09/30/2012 09:44:40,19.99253112033195,90.0,100,899.9873332227871,5.02029574619235
09/30/2012 09:44:50,19.99253112033195,90.0,100,899.9898665771193,5.01522180964426
09/30/2012 09:45:00,19.99253112033195,90.0,100,899.9918932605851,5.0114163572332
09/30/2012 09:45:10,19.99253112033195,90.0,100,899.9935146073583,5.0085622679249004
09/30/2012 09:45:20,19.99253112033195,90.0,100,899.9948116847763,5.00642170094367
09/30/2012 09:45:30,19.99253112033195,90.0,100,899.9958493467102,5.00481627570776
09/30/2012 09:45:40,19.99253112033195,90.0,100,899.9966794762584,5.00361220678082
09/30/2012 09:45:50,19.99253112033195,90.0,100,899.9973435798963,5.00270915508561
09/30/2012 09:46:00,19.99253112033195,90.0,100,899.9978748628062,5.002031866314209
09/30/2012 09:46:10,19.99253112033195,90.0,100,899.9982998891353,5.00152389973566
09/30/2012 09:46:20,19.99253112033195,90.0,100,899.9986399101974,5.00114292480174
09/30/2012 09:46:30,19.99253112033195,90.0,100,899.9989119270474,5.00085719360131
09/30/2012 09:46:40,19.99253112033195,90.0,100,899.9991295405282,5.00064289520098
09/30/2012 09:46:50,19.99253112033195,90.0,100,899.9993036313124,5.000482171400741
09/30/2012 09:47:00,19.99253112033195,90.0,100,899.9994429039391,5.00036162855055
09/30/2012 09:47:10,19.99253112033195,90.0,100,899.9995543220411,5.00027122141291
09/30/2012 09:47:20,19.99253112033195,90.0,100,899.9996434565221,5.000203416059691
09/30/2012 09:47:30,19.99253112033195,90.0,100,899.9997147641072,5.00015256204476
09/30/2012 09:47:40,19.99253112033195,90.0,100,899.9997718101761,5.000114421533571
09/30/2012 09:47:50,19.99253112033195,90.0,100,899.9998174470302,5.00008581615018
09/30/2012 09:48:00,19.99253112033195,90.0,100,899.9998539565142,5.0000643621126395
09/30/2012 09:48:10,19.99253112033195,90.0,100,899.9998831641003,5.000048271584481
09/30/2012 09:48:20,19.99253112033195,90.0,100,899.9999065301702,5.00003620368836
09/30/2012 09:48:30,19.99253112033195,90.0,100,899.9999252230261,5.000027152766269
09/30/2012 09:48:40,19.99253112033195,90.0,100,899.99994017731,5.0000203645747
09/30/2012 09:48:50,19.99253112033195,90.0,100,899.9999521407383,5.00001527343103
09/30/2012 09:49:00,19.99253112033195,90.0,100,899.9999617114802,5.0000114550732695
09/30/2012 09:49:10,19.99253112033195,90.0,100,899.9999693680732,5.00000859130495
09/30/2012 09:49:20,19.99253112033195,90.0,100,899.9999754933481,5.00000644347871
09/30/2012 09:49:30,19.99253112033195,90.0,100,899.9999803935682,5.00000483260904
09/30/2012 09:49:40,19.99253112033195,90.0,100,899.9999843137441,5.000003624456781
09/30/2012 09:49:50,19.99253112033195,90.0,100,899.9999874498851,5.00000271834258
09/30/2012 09:50:00,19.99253112033195,85.5,100,899.9999899587981,5.00000203875694
09/30/2012 09:50:10,19.99253112033195,85.5,100,899.9999919659283,5.0000015290677
09/30/2012 09:50:20,19.99253112033195,85.5,100,900.1124935716323,4.32500114680078
09/30/2012 09:50:30,19.99253112033195,85.5,100,900.2024948561952,3.8187508601005797
09/30/2012 09:50:40,19.99253112033195,85.5,100,900.2744958838464,3.4390631450754396
09/30/2012 09:50:50,19.99253112033195,85.5,100,900.332096705966,3.15429735880658
09/30/2012 09:51:00,19.99253112033195,85.5,100,900.3781773636622,2.9407230191049303
09/30/2012 09:51:10,19.99253112033195,85.5,100,900.4150418898203,2.7805422643287003
09/30/2012 09:51:20,19.99253112033195,85.5,100,900.4445335107453,2.66040669824652
09/30/2012 09:51:30,19.99253112033195,85.5,100,900.4681268074862,2.5703050236848903
09/30/2012 09:51:40,19.99253112033195,85.5,100,900.4870014448784,2.50272876776367
09/30/2012 09:51:50,19.99253112033195,85.5,100,900.5021011547922,2.45204657582275
09/30/2012 09:52:00,19.99253112033195,85.5,100,900.5141809227232,2.41403493186706
09/30/2012 09:52:10,19.99253112033195,85.5,100,900.5238447370682,2.3855261989003
09/30/2012 09:52:20,19.99253112033195,85.5,100,900.5315757885444,2.3641446491752203
09/30/2012 09:52:30,19.99253112033195,85.5,100,900.5377606297252,2.34810848688142
09/30/2012 09:52:40,19.99253112033195,85.5,100,900.5427085026702,2.33608136516106
09/30/2012 09:52:50,19.99253112033195,85.5,100,900.5466668010251,2.3270610238708
09/30/2012 09:53:00,19.99253112033195,85.5,100,900.5498334397103,2.3202957679031
09/30/2012 09:53:10,19.99253112033195,85.5,100,900.552366750657,2.3152218259273196
09/30/2012 09:53:20,19.99253112033195,85.5,100,900.5543933994161,2.31141636944549
09/30/2012 09:53:30,19.99253112033195,85.5,100,900.5560147184221,2.3085622770841203
09/30/2012 09:53:40,19.99253112033195,85.5,100,900.5573117736271,2.3064217078130897
09/30/2012 09:53:50,19.99253112033195,85.5,100,900.5583494177913,2.30481628085982
09/30/2012 09:54:00,19.99253112033195,85.5,100,900.5591795331231,2.30361221064486
09/30/2012 09:54:10,19.99253112033195,85.5,100,900.5598436253883,2.30270915798365
09/30/2012 09:54:20,19.99253112033195,85.5,100,900.5603748992003,2.3020318684877403
09/30/2012 09:54:30,19.99253112033195,85.5,100,900.5607999182491,2.3015239013657998
09/30/2012 09:54:40,19.99253112033195,85.5,100,900.5611399334891,2.30114292602435
09/30/2012 09:54:50,19.99253112033195,85.5,100,900.5614119456811,2.30085719451826
09/30/2012 09:55:00,19.99253112033195,85.5,100,900.5616295554344,2.3006428958887
09/30/2012 09:55:10,19.99253112033195,85.5,100,900.5618036432372,2.30048217191652
09/30/2012 09:55:20,19.99253112033195,85.5,100,900.5619429134792,2.3003616289373903
09/30/2012 09:55:30,19.99253112033195,85.5,100,900.5620543296734,2.30027122170304
09/30/2012 09:55:40,19.99253112033195,85.5,100,900.5621434626285,2.30020341627728
09/30/2012 09:55:50,19.99253112033195,85.5,100,900.5622147689921,2.30015256220796
09/30/2012 09:56:00,19.99253112033195,85.5,100,900.5622718140833,2.3001144216559704
09/30/2012 09:56:10,19.99253112033195,85.5,100,900.5623174501563,2.30008581624198
09/30/2012 09:56:20,19.99253112033195,85.5,100,900.5623539590151,2.30006436218148
09/30/2012 09:56:30,19.99253112033195,85.5,100,900.5623831661012,2.30004827163611
09/30/2012 09:56:40,19.99253112033195,85.5,100,900.5624065317713,2.30003620372709
09/30/2012 09:56:50,19.99253112033195,85.5,100,900.5624252243063,2.3000271527953102
09/30/2012 09:57:00,19.99253112033195,85.5,100,900.5624401783341,2.3000203645964903
09/30/2012 09:57:10,19.99253112033195,85.5,100,900.5624521415573,2.30001527344736
09/30/2012 09:57:20,19.99253112033195,85.5,100,900.5624617121352,2.30001145508552
09/30/2012 09:57:30,19.99253112033195,85.5,100,900.5624693685982,2.3000085913141404
09/30/2012 09:57:40,19.99253112033195,85.5,100,900.5624754937683,2.30000644348561
09/30/2012 09:57:50,19.99253112033195,85.5,100,900.5624803939043,2.30000483261421
09/30/2012 09:58:00,19.99253112033195,85.5,100,900.5624843140133,2.3000036244606497
09/30/2012 09:58:10,19.99253112033195,85.5,100,900.5624874501002,2.3000027183454903
09/30/2012 09:58:20,19.99253112033195,90.0,100,900.5624899589691,2.30000203875912
09/30/2012 09:58:30,19.99253112033195,90.0,100,900.5624919660652,2.30000152906934
09/30/2012 09:58:40,19.99253112033195,90.0,100,900.4499935717422,2.9750011468019997
09/30/2012 09:58:50,19.99253112033195,90.0,100,900.3599948562833,3.4812508601015
09/30/2012 09:59:00,19.99253112033195,90.0,100,900.287995883916,3.86093814507613
09/30/2012 09:59:10,19.99253112033195,90.0,100,900.2303967060222,4.1457036088071
09/30/2012 09:59:20,19.99253112033195,90.0,100,900.1843173637074,4.35927770660532
09/30/2012 09:59:30,19.99253112033195,90.0,100,900.1474538898563,4.51945827995399
09/30/2012 09:59:40,19.99253112033195,90.0,100,900.1179631107741,4.6395937099654905
09/30/2012 09:59:50,19.99253112033195,90.0,100,900.0943704875092,4.72969528247412
09/30/2012 10:00:00,19.99253112033195,90.0,100,900.0754963888974,4.79727146185559
09/30/2012 10:00:10,19.99253112033195,90.0,100,900.060397110007,4.84795359639169
09/30/2012 10:00:20,19.99253112033195,90.0,100,900.0483176868954,4.885965197293769
09/30/2012 10:00:30,19.99253112033195,90.0,100,900.0386541484061,4.91447389797033
09/30/2012 10:00:40,19.99253112033195,90.0,100,900.0309233176142,4.93585542347775
09/30/2012 10:00:50,19.99253112033195,90.0,100,900.0247386529811,4.9518915676083095
09/30/2012 10:01:00,19.99253112033195,90.0,100,900.0197909212741,4.96391867570623
09/30/2012 10:01:10,19.99253112033195,90.0,100,900.0158327359093,4.97293900677967
09/30/2012 10:01:20,19.99253112033195,90.0,100,900.0126661876172,4.9797042550847594
09/30/2012 10:01:30,19.99253112033195,90.0,100,900.0101329489833,4.98477819131357
09/30/2012 10:01:40,19.99253112033195,90.0,100,900.0081063580762,4.98858364348517
09/30/2012 10:01:50,19.99253112033195,90.0,100,900.0064850853512,4.99143773261388
09/30/2012 10:02:00,19.99253112033195,90.0,100,900.0051880671701,4.99357829946041
09/30/2012 10:02:10,19.99253112033195,90.0,100,900.0041504526262,4.99518372459531
09/30/2012 10:02:20,19.99253112033195,90.0,100,900.0033203609903,4.99638779344648
09/30/2012 10:02:30,19.99253112033195,90.0,100,900.0026562876822,4.99729084508486
09/30/2012 10:02:40,19.99253112033195,90.0,100,900.0021250290351,4.997968133813651
09/30/2012 10:02:50,19.99253112033195,90.0,100,900.001700022118,4.9984761003602305
09/30/2012 10:03:00,19.99253112033195,90.0,100,900.0013600165842,4.9988570752701795
09/30/2012 10:03:10,19.99253112033195,90.0,100,900.0010880121574,4.99914280645263
09/30/2012 10:03:20,19.99253112033195,90.0,100,900.0008704086151,4.999357104839469
09/30/2012 10:03:30,19.99253112033195,90.0,100,900.0006963257813,4.9995178286296
09/30/2012 10:03:40,19.99253112033195,90.0,100,900.0005570595151,4.999638371472201
09/30/2012 10:03:50,19.99253112033195,90.0,100,900.0004456465012,4.99972877860415
09/30/2012 10:04:00,19.99253112033195,90.0,100,900.0003565160912,4.99979658395312
09/30/2012 10:04:10,19.99253112033195,90.0,100,900.000285211762,4.99984743796484
09/30/2012 10:04:20,19.99253112033195,90.0,100,900.0002281682994,4.99988557847363
09/30/2012 10:04:30,19.99253112033195,90.0,100,900.0001825335291,4.9999141838552195
09/30/2012 10:04:40,19.99253112033195,90.0,100,900.0001460257133,4.99993563789142
09/30/2012 10:04:50,19.99253112033195,90.0,100,900.0001168194601,4.9999517284185595
09/30/2012 10:05:00,19.99253112033195,90.0,100,900.000093454458,4.99996379631392
09/30/2012 10:05:10,19.99253112033195,90.0,100,900.000074762456,4.9999728472354406
09/30/2012 10:05:20,19.99253112033195,90.0,100,900.0000598088543,4.99997963542658
09/30/2012 10:05:30,19.99253112033195,90.0,100,900.0000478459731,4.999984726569941
09/30/2012 10:05:40,19.99253112033195,90.0,100,900.0000382756682,4.999988544927451
09/30/2012 10:05:50,19.99253112033195,90.0,100,900.0000306194243,4.99999140869559
09/30/2012 10:06:00,19.99253112033195,90.0,100,900.0000244944292,4.999993556521691
09/30/2012 10:06:10,19.99253112033195,90.0,100,900.0000195944333,4.99999516739127
09/30/2012 10:06:20,19.99253112033195,90.0,100,900.0000156744361,4.99999637554345
09/30/2012 10:06:30,19.99253112033195,90.0,100,900.0000125384383,4.999997281657589
09/30/2012 10:06:40,19.99253112033195,90.0,105,900.0000100296402,4.99999796124319
09/30/2012 10:06:50,19.99253112033195,90.0,105,900.0000080226021,4.99999847093239
09/30/2012 10:07:00,19.99253112033195,90.0,105,899.7000064169713,4.74999885319929
09/30/2012 10:07:10,19.99253112033195,90.0,105,899.4600051324662,4.56249913989947
09/30/2012 10:07:20,19.99253112033195,90.0,105,899.2680041048632,4.4218743549246
09/30/2012 10:07:30,19.99253112033195,90.0,105,899.1144032827804,4.3164057661934505
09/30/2012 10:07:40,19.99253112033195,90.0,105,898.9915226251132,4.23730432464509
09/30/2012 10:07:50,19.99253112033195,90.0,105,898.8932180989802,4.17797824348382
09/30/2012 10:08:00,19.99253112033195,90.0,105,898.8145744780743,4.13348368261286
09/30/2012 10:08:10,19.99253112033195,90.0,105,898.7516595813493,4.10011276195965
09/30/2012 10:08:20,19.99253112033195,90.0,105,898.7013276639693,4.07508457146974
09/30/2012 10:08:30,19.99253112033195,90.0,105,898.6610621300642,4.0563134286023
09/30/2012 10:08:40,19.99253112033195,90.0,105,898.6288497029411,4.0422350714517306
09/30/2012 10:08:50,19.99253112033195,90.0,105,898.6030797612432,4.031676303588791
09/30/2012 10:09:00,19.99253112033195,90.0,105,898.5824638078841,4.0237572276916005
09/30/2012 10:09:10,19.99253112033195,90.0,105,898.5659710451971,4.0178179207687
09/30/2012 10:09:20,19.99253112033195,90.0,105,898.5527768350473,4.01336344057652
09/30/2012 10:09:30,19.99253112033195,90.0,105,898.5422214669272,4.01002258043239
09/30/2012 10:09:40,19.99253112033195,90.0,105,898.5337771724312,4.00751693532429
09/30/2012 10:09:50,19.99253112033195,90.0,105,898.5270217368352,4.00563770149322
09/30/2012 10:10:00,19.99253112033195,90.0,105,898.5216173883571,4.00422827611992
09/30/2012 10:10:10,19.99253112033195,90.0,105,898.5172939095753,4.00317120708994
09/30/2012 10:10:20,19.99253112033195,90.0,105,898.5138351265502,4.00237840531745
09/30/2012 10:10:30,19.99253112033195,90.0,105,898.5110681001293,4.00178380398809
09/30/2012 10:10:40,19.99253112033195,90.0,105,898.508854478993,4.001337852991069
09/30/2012 10:10:50,19.99253112033195,90.0,105,898.5070835820841,4.0010033897433
09/30/2012 10:11:00,19.99253112033195,90.0,105,898.5056668645573,4.00075254230748
09/30/2012 10:11:10,19.99253112033195,90.0,105,898.5045334905351,4.00056440673061
09/30/2012 10:11:20,19.99253112033195,90.0,105,898.5036267913181,4.00042330504795
09/30/2012 10:11:30,19.99253112033195,90.0,105,898.5029014319441,4.00031747878597
09/30/2012 10:11:40,19.99253112033195,90.0,105,898.5023211444452,4.00023810908947
09/30/2012 10:11:50,19.99253112033195,90.0,105,898.5018569144452,4.000178581817109
09/30/2012 10:12:00,19.99253112033195,90.0,105,898.5014855304462,4.00013393636283
09/30/2012 10:12:10,19.99253112033195,90.0,105,898.5011884232463,4.00010045227212
09/30/2012 10:12:20,19.99253112033195,90.0,105,898.5009507374873,4.0000753392040895
09/30/2012 10:12:30,19.99253112033195,90.0,105,898.5007605888793,4.000056504403069
09/30/2012 10:12:40,19.99253112033195,90.0,105,898.5006084699933,4.0000423783023
09/30/2012 10:12:50,19.99253112033195,90.0,105,898.5004867748842,4.00003178372673
09/30/2012 10:13:00,19.99253112033195,90.0,105,898.5003894187973,4.00002383779504
09/30/2012 10:13:10,19.99253112033195,90.0,105,898.5003115339273,4.00001787834628
09/30/2012 10:13:20,19.99253112033195,90.0,105,898.5002492260312,4.000013408759711
09/30/2012 10:13:30,19.99253112033195,90.0,105,898.5001993797143,4.00001005656978
09/30/2012 10:13:40,19.99253112033195,90.0,105,898.5001595026613,4.00000754242734
09/30/2012 10:13:50,19.99253112033195,90.0,105,898.5001276010191,4.0000056568205
09/30/2012 10:14:00,19.99253112033195,90.0,105,898.5001020797042,4.00000424261538
09/30/2012 10:14:10,19.99253112033195,90.0,105,898.5000816626532,4.00000318196153
09/30/2012 10:14:20,19.99253112033195,90.0,105,898.5000653290124,4.00000238647115
09/30/2012 10:14:30,19.99253112033195,90.0,105,898.5000522620992,4.00000178985336
09/30/2012 10:14:40,19.99253112033195,90.0,105,898.500041808569,4.00000134239002
09/30/2012 10:14:50,19.99253112033195,90.0,105,898.5000334457452,4.0000010067925205
09/30/2012 10:15:00,19.99253112033195,90.0,100,898.5000267554854,4.00000075509439
09/30/2012 10:15:10,19.99253112033195,90.0,100,898.5000214032782,4.00000056632079
09/30/2012 10:15:20,19.99253112033195,90.0,100,898.8000171215124,4.25000042474059
09/30/2012 10:15:30,19.99253112033195,90.0,100,899.0400136960991,4.4375003185554505
09/30/2012 10:15:40,19.99253112033195,90.0,100,899.2320109557693,4.57812523891658
09/30/2012 10:15:50,19.99253112033195,90.0,100,899.3856087635052,4.68359392918744
09/30/2012 10:16:00,19.99253112033195,90.0,100,899.5084870096932,4.76269544689058
09/30/2012 10:16:10,19.99253112033195,90.0,100,899.6067896066443,4.82202158516793
09/30/2012 10:16:20,19.99253112033195,90.0,100,899.6854316842052,4.86651618887595
09/30/2012 10:16:30,19.99253112033195,90.0,100,899.7483453462544,4.8998871416569605
09/30/2012 10:16:40,19.99253112033195,90.0,100,899.7986762758931,4.92491535624272
09/30/2012 10:16:50,19.99253112033195,90.0,100,899.8389410196041,4.94368651718204
09/30/2012 10:17:00,19.99253112033195,90.0,100,899.8711528145732,4.957764887886531
09/30/2012 10:17:10,19.99253112033195,90.0,100,899.8969222505482,4.9683236659149
09/30/2012 10:17:20,19.99253112033195,90.0,100,899.9175377993283,4.97624274943617
09/30/2012 10:17:30,19.99253112033195,90.0,100,899.9340302383523,4.98218206207713
09/30/2012 10:17:40,19.99253112033195,90.0,100,899.9472241895712,4.9866365465578495
09/30/2012 10:17:50,19.99253112033195,90.0,100,899.9577793505462,4.98997740991839
09/30/2012 10:18:00,19.99253112033195,90.0,100,899.9662234793273,4.992483057438791
09/30/2012 10:18:10,19.99253112033195,90.0,100,899.9729787823512,4.9943622930790905
09/30/2012 10:18:20,19.99253112033195,90.0,100,899.9783830247702,4.995771719809321
09/30/2012 10:18:30,19.99253112033195,90.0,100,899.9827064187061,4.99682878985699
09/30/2012 10:18:40,19.99253112033195,90.0,100,899.9861651338542,4.99762159239274
09/30/2012 10:18:50,19.99253112033195,90.0,100,899.9889321059732,4.998216194294559
09/30/2012 10:19:00,19.99253112033195,90.0,100,899.9911456836683,4.99866214572092
09/30/2012 10:19:10,19.99253112033195,90.0,100,899.9929165458243,4.998996609290691
09/30/2012 10:19:20,19.99253112033195,90.0,100,899.9943332355494,4.999247456968019
09/30/2012 10:19:30,19.99253112033195,90.0,100,899.9954665873292,4.99943559272601
09/30/2012 10:19:40,19.99253112033195,90.0,100,899.9963732687531,4.999576694544509
09/30/2012 10:19:50,19.99253112033195,90.0,100,899.9970986138921,4.99968252090838
09/30/2012 10:20:00,19.99253112033195,90.0,100,899.9976788900033,4.99976189068129
09/30/2012 10:20:10,19.99253112033195,90.0,100,899.998143110892,4.99982141801096
09/30/2012 10:20:20,19.99253112033195,90.0,100,899.9985144876034,4.99986606350822
09/30/2012 10:20:30,19.99253112033195,90.0,100,899.9988115889721,4.99989954763117
09/30/2012 10:20:40,19.99253112033195,90.0,100,899.9990492700674,4.99992466072338
09/30/2012 10:20:50,19.99253112033195,90.0,100,899.9992394149433,4.999943495542531
09/30/2012 10:21:00,19.99253112033195,90.0,100,899.9993915308444,4.9999576216569
09/30/2012 10:21:10,19.99253112033195,90.0,100,899.9995132235651,4.99996821624267
09/30/2012 10:21:20,19.99253112033195,90.0,100,899.9996105777423,4.99997616218201
09/30/2012 10:21:30,19.99253112033195,90.0,100,899.9996884610832,4.9999821216365
09/30/2012 10:21:40,19.99253112033195,90.0,100,899.999750767756,4.99998659122738
09/30/2012 10:21:50,19.99253112033195,90.0,100,899.9998006130943,4.99998994342053
09/30/2012 10:22:00,19.99253112033195,90.0,100,899.9998404893652,4.9999924575654004
09/30/2012 10:22:10,19.99253112033195,90.0,100,899.999872390382,4.99999434317405
09/30/2012 10:22:20,19.99253112033195,90.0,100,899.9998979111951,4.99999575738054
09/30/2012 10:22:30,19.99253112033195,90.0,100,899.9999183278462,4.999996818035401
09/30/2012 10:22:40,19.99253112033195,90.0,100,899.9999346611662,4.99999761352655
09/30/2012 10:22:50,19.99253112033195,90.0,100,899.9999477278222,4.99999821014491
09/30/2012 10:23:00,19.99253112033195,90.0,100,899.9999581811483,4.99999865760869
09/30/2012 10:23:10,19.99253112033195,90.0,100,899.9999665438081,4.99999899320651
09/30/2012 10:23:20,19.99253112033195,90.0,95,899.9999732339363,4.999999244904889
09/30/2012 10:23:30,19.99253112033195,90.0,95,899.9999785860382,4.99999943367866
09/30/2012 10:23:40,19.99253112033195,90.0,95,900.29998286772,5.249999575259
09/30/2012 10:23:50,19.99253112033195,90.0,95,900.5399862930662,5.43749968144425
09/30/2012 10:24:00,19.99253112033195,90.0,95,900.7319890333422,5.57812476108319
09/30/2012 10:24:10,19.99253112033195,90.0,95,900.8855912255633,5.6835935708123895
09/30/2012 10:24:20,19.99253112033195,90.0,95,901.0084729793402,5.762695178109291
09/30/2012 10:24:30,19.99253112033195,90.0,95,901.1067783823621,5.82202138358197
09/30/2012 10:24:40,19.99253112033195,90.0,95,901.1854227047791,5.8665160376864804
09/30/2012 10:24:50,19.99253112033195,90.0,95,901.2483381627133,5.89988702826486
09/30/2012 10:25:00,19.99253112033195,90.0,95,901.2986705290602,5.92491527119864
09/30/2012 10:25:10,19.99253112033195,90.0,95,901.3389364221382,5.94368645339898
09/30/2012 10:25:20,19.99253112033195,90.0,95,901.3711491366,5.957764840049241
09/30/2012 10:25:30,19.99253112033195,90.0,95,901.3969193081691,5.96832363003693
09/30/2012 10:25:40,19.99253112033195,90.0,95,901.4175354454253,5.976242722527701
09/30/2012 10:25:50,19.99253112033195,90.0,95,901.4340283552303,5.982182041895769
09/30/2012 10:26:00,19.99253112033195,90.0,95,901.4472226830733,5.986636531421831
09/30/2012 10:26:10,19.99253112033195,90.0,95,901.4577781453481,5.98997739856637
09/30/2012 10:26:20,19.99253112033195,90.0,95,901.466222515168,5.99248304892478
09/30/2012 10:26:30,19.99253112033195,90.0,95,901.472978011024,5.99436228669358
09/30/2012 10:26:40,19.99253112033195,90.0,95,901.4783824077092,5.99577171502019
09/30/2012 10:26:50,19.99253112033195,90.0,95,901.4827059250572,5.99682878626514
09/30/2012 10:27:00,19.99253112033195,90.0,95,901.4861647389353,5.997621589698861
09/30/2012 10:27:10,19.99253112033195,90.0,95,901.4889317900381,5.99821619227414
09/30/2012 10:27:20,19.99253112033195,90.0,95,901.4911454309201,5.9986621442056105
09/30/2012 10:27:30,19.99253112033195,90.0,95,901.4929163436252,5.9989966081542
09/30/2012 10:27:40,19.99253112033195,90.0,95,901.4943330737904,5.99924745611565
09/30/2012 10:27:50,19.99253112033195,90.0,95,901.4954664579211,5.999435592086741
09/30/2012 10:28:00,19.99253112033195,90.0,95,901.4963731652272,5.999576694065059
09/30/2012 10:28:10,19.99253112033195,90.0,95,901.4970985310713,5.99968252054879
09/30/2012 10:28:20,19.99253112033195,90.0,95,901.4976788237461,5.99976189041159
09/30/2012 10:28:30,19.99253112033195,90.0,95,901.4981430578871,5.9998214178086995
09/30/2012 10:28:40,19.99253112033195,90.0,95,901.4985144451991,5.99986606335652
09/30/2012 10:28:50,19.99253112033195,90.0,95,901.4988115550493,5.999899547517389
09/30/2012 10:29:00,19.99253112033195,90.0,95,901.4990492429292,5.99992466063804
09/30/2012 10:29:10,19.99253112033195,90.0,95,901.4992393932332,5.99994349547853
09/30/2012 10:29:20,19.99253112033195,90.0,95,901.4993915134762,5.9999576216089
09/30/2012 10:29:30,19.99253112033195,90.0,95,901.4995132096703,5.999968216206669
09/30/2012 10:29:40,19.99253112033195,90.0,95,901.4996105666262,5.99997616215501
09/30/2012 10:29:50,19.99253112033195,90.0,95,901.4996884521902,5.9999821216162506
09/30/2012 10:30:00,19.99253112033195,90.0,95,901.4997507606422,5.99998659121219
09/30/2012 10:30:10,19.99253112033195,90.0,95,901.4998006074031,5.99998994340914
09/30/2012 10:30:20,19.99253112033195,90.0,95,901.4998404848122,5.999992457556861
09/30/2012 10:30:30,19.99253112033195,90.0,95,901.4998723867391,5.99999434316764
09/30/2012 10:30:40,19.99253112033195,90.0,95,901.4998979082814,5.99999575737573
09/30/2012 10:30:50,19.99253112033195,90.0,95,901.4999183255143,5.9999968180318
09/30/2012 10:31:00,19.99253112033195,90.0,95,901.4999346593013,5.999997613523849
09/30/2012 10:31:10,19.99253112033195,90.0,95,901.4999477263302,5.99999821014289
09/30/2012 10:31:20,19.99253112033195,90.0,95,901.4999581799541,5.99999865760716
09/30/2012 10:31:30,19.99253112033195,90.0,95,901.4999665428534,5.99999899320537
09/30/2012 10:31:40,19.99253112033195,90.0,100,901.4999732331723,5.99999924490403
09/30/2012 10:31:50,19.99253112033195,90.0,100,901.4999785854272,5.999999433678019
09/30/2012 10:32:00,19.99253112033195,90.0,100,901.1999828672313,5.74999957525852
09/30/2012 10:32:10,19.99253112033195,90.0,100,900.959986292675,5.562499681443889
09/30/2012 10:32:20,19.99253112033195,90.0,100,900.7679890330292,5.42187476108292
09/30/2012 10:32:30,19.99253112033195,90.0,100,900.6143912253133,5.3164060708121905
09/30/2012 10:32:40,19.99253112033195,90.0,100,900.49151297914,5.23730455310914
09/30/2012 10:32:50,19.99253112033195,90.0,100,900.3932103822024,5.17797841483186
09/30/2012 10:33:00,19.99253112033195,90.0,100,900.3145683046512,5.13348381112389
09/30/2012 10:33:10,19.99253112033195,90.0,100,900.2516546426102,5.10011285834292
09/30/2012 10:33:20,19.99253112033195,90.0,100,900.2013237129784,5.075084643757191
09/30/2012 10:33:30,19.99253112033195,90.0,100,900.1610589692723,5.056313482817889
09/30/2012 10:33:40,19.99253112033195,90.0,100,900.1288471743071,5.04223511211342
09/30/2012 10:33:50,19.99253112033195,90.0,100,900.1030777383353,5.03167633408506
09/30/2012 10:34:00,19.99253112033195,90.0,100,900.0824621895583,5.0237572505638
09/30/2012 10:34:10,19.99253112033195,90.0,100,900.0659697505362,5.01781793792285
09/30/2012 10:34:20,19.99253112033195,90.0,100,900.0527757993182,5.01336345344214
09/30/2012 10:34:30,19.99253112033195,90.0,100,900.0422206383444,5.0100225900816
09/30/2012 10:34:40,19.99253112033195,90.0,100,900.0337765095653,5.0075169425612005
09/30/2012 10:34:50,19.99253112033195,90.0,100,900.0270212065423,5.005637706920901
09/30/2012 10:35:00,19.99253112033195,90.0,100,900.0216169641233,5.004228280190679
09/30/2012 10:35:10,19.99253112033195,90.0,100,900.0172935701883,5.00317121014301
09/30/2012 10:35:20,19.99253112033195,90.0,100,900.0138348550402,5.00237840760725
09/30/2012 10:35:30,19.99253112033195,90.0,100,900.0110678829221,5.001783805705441
09/30/2012 10:35:40,19.99253112033195,90.0,100,900.0088543052273,5.00133785427908
09/30/2012 10:35:50,19.99253112033195,90.0,100,900.0070834430712,5.001003390709309
09/30/2012 10:36:00,19.99253112033195,90.0,100,900.0056667533461,5.000752543031981
09/30/2012 10:36:10,19.99253112033195,90.0,100,900.0045334015672,5.00056440727399
09/30/2012 10:36:20,19.99253112033195,90.0,100,900.0036267201433,5.000423305455491
09/30/2012 10:36:30,19.99253112033195,90.0,100,900.0029013750043,5.00031747909162
09/30/2012 10:36:40,19.99253112033195,90.0,100,900.0023210988932,5.00023810931871
09/30/2012 10:36:50,19.99253112033195,90.0,100,900.0018568780044,5.00017858198903
09/30/2012 10:37:00,19.99253112033195,90.0,100,900.001485501293,5.00013393649178
09/30/2012 10:37:10,19.99253112033195,90.0,100,900.0011883999243,5.00010045236883
09/30/2012 10:37:20,19.99253112033195,90.0,100,900.000950718829,5.00007533927662
09/30/2012 10:37:30,19.99253112033195,90.0,100,900.0007605739522,5.000056504457469
09/30/2012 10:37:40,19.99253112033195,90.0,100,900.000608458052,5.0000423783431
09/30/2012 10:37:50,19.99253112033195,90.0,100,900.0004867653313,5.00003178375733
09/30/2012 10:38:00,19.99253112033195,90.0,100,900.0003894111542,5.00002383781799
09/30/2012 10:38:10,19.99253112033195,90.0,100,900.0003115278132,5.0000178783635
09/30/2012 10:38:20,19.99253112033195,90.0,100,900.0002492211404,5.00001340877262
09/30/2012 10:38:30,19.99253112033195,90.0,100,900.0001993758021,5.00001005657947
09/30/2012 10:38:40,19.99253112033195,90.0,100,900.0001594995313,5.0000075424345996
09/30/2012 10:38:50,19.99253112033195,90.0,100,900.0001275985144,5.00000565682595
09/30/2012 10:39:00,19.99253112033195,90.0,100,900.0001020777013,5.00000424261946
09/30/2012 10:39:10,19.99253112033195,90.0,100,900.0000816610502,5.000003181964599
09/30/2012 10:39:20,19.99253112033195,90.0,100,900.0000653277302,5.00000238647345
09/30/2012 10:39:30,19.99253112033195,90.0,100,900.0000522610742,5.00000178985509
09/30/2012 10:39:40,19.99253112033195,90.0,100,900.0000418077482,5.00000134239131
09/30/2012 10:39:50,19.99253112033195,90.0,100,900.0000334450883,5.00000100679349
09/30/2012 10:40:00,19.99253112033195,90.0,100,900.0000267549601,5.000000755095111
09/30/2012 10:40:10,19.99253112033195,90.0,100,900.0000214028582,5.00000056632134
09/30/2012 10:40:20,19.99253112033195,90.0,100,900.0000171211761,5.000000424741
09/30/2012 10:40:30,19.99253112033195,90.0,100,900.0000136958304,5.000000318555751
09/30/2012 10:40:40,19.99253112033195,90.0,100,900.0000109555542,5.00000023891681
09/30/2012 10:40:50,19.99253112033195,90.0,100,900.0000087633332,5.0000001791876105
09/30/2012 10:41:00,19.99253112033195,90.0,100,900.0000070095564,5.00000013439071
09/30/2012 10:41:10,19.99253112033195,90.0,100,900.0000056065344,5.00000010079303
09/30/2012 10:41:20,19.99253112033195,90.0,100,900.0000044841172,5.0000000755947696
09/30/2012 10:41:30,19.99253112033195,90.0,100,900.0000035861833,5.00000005669608
09/30/2012 10:41:40,19.99253112033195,90.0,100,900.0000028678362,5.00000004252206
09/30/2012 10:41:50,19.99253112033195,90.0,100,900.0000022931583,5.00000003189154
09/30/2012 10:42:00,19.99253112033195,90.0,100,900.0000018334163,5.00000002391866
09/30/2012 10:42:10,19.99253112033195,90.0,100,900.0000014656232,5.00000001793899
09/30/2012 10:42:20,19.99253112033195,90.0,100,900.0000011713882,5.00000001345425
09/30/2012 10:42:30,19.99253112033195,90.0,100,900.0000009360003,5.000000010090679
09/30/2012 10:42:40,19.99253112033195,90.0,100,900.0000007476892,5.000000007568009
09/30/2012 10:42:50,19.99253112033195,90.0,100,900.0000005970412,5.00000000567601
09/30/2012 10:43:00,19.99253112033195,90.0,100,900.0000004765222,5.00000000425701
09/30/2012 10:43:10,19.99253112033195,90.0,100,900.0000003801081,5.00000000319276
09/30/2012 10:43:20,19.99253112033195,90.0,100,900.0000003029761,5.00000000239457
09/30/2012 10:43:30,19.99253112033195,90.0,100,900.0000002412703,5.00000000179593
09/30/2012 10:43:40,19.99253112033195,90.0,100,900.0000001919063,5.00000000134694
09/30/2012 10:43:50,19.99253112033195,90.0,100,900.0000001524143,5.00000000101021
09/30/2012 10:44:00,19.99253112033195,90.0,100,900.0000001208211,5.000000000757661
09/30/2012 10:44:10,19.99253112033195,90.0,100,900.0000000955463,5.000000000568241
09/30/2012 10:44:20,19.99253112033195,90.0,100,900.0000000753273,5.00000000042618
09/30/2012 10:44:30,19.99253112033195,90.0,100,900.0000000591513,5.000000000319639
09/30/2012 10:44:40,19.99253112033195,90.0,100,900.0000000462103,5.000000000239731
09/30/2012 10:44:50,19.99253112033195,90.0,100,900.000000035858,5.00000000017979
09/30/2012 10:45:00,19.99253112033195,90.0,100,900.0000000275761,5.0000000001348495
09/30/2012 10:45:10,19.99253112033195,90.0,100,900.0000000209504,5.0000000001011395
09/30/2012 10:45:20,19.99253112033195,90.0,100,900.0000000156501,5.0000000000758495
09/30/2012 10:45:30,19.99253112033195,90.0,100,900.0000000114103,5.00000000005689
09/30/2012 10:45:40,19.99253112033195,90.0,100,900.0000000080172,5.00000000004267
09/30/2012 10:45:50,19.99253112033195,90.0,100,900.000000005303,5.000000000032
09/30/2012 10:46:00,19.99253112033195,90.0,100,900.0000000031321,5.0000000000239995
09/30/2012 10:46:10,19.99253112033195,90.0,100,900.0000000013954,5.000000000018
09/30/2012 10:46:20,19.99253112033195,90.0,100,900.0000000000061,5.000000000013499
09/30/2012 10:46:30,19.99253112033195,90.0,100,899.9999999988943,5.00000000001013
09/30/2012 10:46:40,19.99253112033195,90.0,100,899.9999999980053,5.00000000000759
09/30/2012 10:46:50,19.99253112033195,90.0,100,899.9999999972943,5.0000000000057
09/30/2012 10:47:00,19.99253112033195,90.0,100,899.9999999967251,5.0000000000042695
09/30/2012 10:47:10,19.99253112033195,90.0,100,899.9999999962693,5.0000000000032
09/30/2012 10:47:20,19.99253112033195,90.0,100,899.9999999959052,5.0000000000024
09/30/2012 10:47:30,19.99253112033195,90.0,100,899.9999999956142,5.0000000000018
09/30/2012 10:47:40,19.99253112033195,90.0,100,899.9999999953802,5.000000000001349
09/30/2012 10:47:50,19.99253112033195,90.0,100,899.9999999951942,5.00000000000101
09/30/2012 10:48:00,19.99253112033195,90.0,100,899.9999999950453,5.00000000000076
09/30/2012 10:48:10,19.99253112033195,90.0,100,899.9999999949252,5.00000000000057
09/30/2012 10:48:20,19.99253112033195,90.0,100,899.9999999948302,5.00000000000043
09/30/2012 10:48:30,19.99253112033195,90.0,100,899.9999999947543,5.00000000000032
09/30/2012 10:48:40,19.99253112033195,90.0,100,899.9999999946922,5.00000000000024
09/30/2012 10:48:50,19.99253112033195,90.0,100,899.9999999946442,5.000000000000179
09/30/2012 10:49:00,19.99253112033195,90.0,100,899.9999999946042,5.000000000000139
09/30/2012 10:49:10,19.99253112033195,90.0,100,899.9999999945733,5.0000000000000995
09/30/2012 10:49:20,19.99253112033195,90.0,100,899.9999999945483,5.00000000000008
09/30/2012 10:49:30,19.99253112033195,90.0,100,899.9999999945283,5.0000000000000595
09/30/2012 10:49:40,19.99253112033195,90.0,100,899.9999999945121,5.00000000000004
09/30/2012 10:49:50,19.99253112033195,90.0,100,899.9999999944991,5.00000000000003
09/30/2012 10:50:00,19.99253112033195,90.0,100,899.9999999944891,5.0000000000000195
09/30/2012 10:50:10,19.99253112033195,90.0,100,899.9999999944812,5.0000000000000195
09/30/2012 10:50:20,19.99253112033195,90.0,100,899.9999999944741,5.00000000000001
09/30/2012 10:50:30,19.99253112033195,90.0,100,899.9999999944691,5.00000000000001
09/30/2012 10:50:40,19.99253112033195,90.0,100,899.999999994465,5.00000000000001
09/30/2012 10:50:50,19.99253112033195,90.0,100,899.9999999944612,5.00000000000001
09/30/2012 10:51:00,19.99253112033195,90.0,100,899.9999999944591,5.0
09/30/2012 10:51:10,19.99253112033195,90.0,100,899.9999999944573,5.0
09/30/2012 10:51:20,19.99253112033195,90.0,100,899.9999999944553,5.0
09/30/2012 10:51:30,19.99253112033195,90.0,100,899.9999999944532,5.0
09/30/2012 10:51:40,19.99253112033195,90.0,100,899.9999999944523,5.0
09/30/2012 10:51:50,19.99253112033195,90.0,100,899.9999999944523,5.0
09/30/2012 10:52:00,19.99253112033195,90.0,100,899.9999999944514,5.0
09/30/2012 10:52:10,19.99253112033195,90.0,100,899.99999999445,5.0
09/30/2012 10:52:20,19.99253112033195,90.0,100,899.99999999445,5.0
09/30/2012 10:52:30,19.99253112033195,90.0,100,899.9999999944491,5.0
09/30/2012 10:52:40,19.99253112033195,90.0,100,899.9999999944491,5.0
09/30/2012 10:52:50,19.99253112033195,90.0,100,899.9999999944491,5.0
09/30/2012 10:53:00,19.99253112033195,90.0,100,899.9999999944491,5.0
09/30/2012 10:53:10,19.99253112033195,90.0,100,899.9999999944491,5.0
09/30/2012 10:53:20,19.99253112033195,90.0,100,899.9999999944482,5.0
09/30/2012 10:53:30,19.99253112033195,90.0,100,899.9999999944482,5.0
09/30/2012 10:53:40,19.99253112033195,90.0,100,899.9999999944482,5.0
09/30/2012 10:53:50,19.99253112033195,90.0,100,899.9999999944482,5.0
09/30/2012 10:54:00,19.99253112033195,90.0,100,899.9999999944482,5.0
09/30/2012 10:54:10,19.99253112033195,90.0,100,899.9999999944482,5.0
09/30/2012 10:54:20,19.99253112033195,90.0,100,899.9999999944482,5.0
09/30/2012 10:54:30,19.99253112033195,90.0,100,899.9999999944482,5.0
09/30/2012 10:54:40,19.99253112033195,90.0,100,899.9999999944482,5.0
09/30/2012 10:54:50,19.99253112033195,90.0,100,899.9999999944482,5.0
09/30/2012 10:55:00,19.99253112033195,90.0,100,899.9999999944482,5.0
09/30/2012 10:55:10,19.99253112033195,90.0,100,899.9999999944482,5.0
09/30/2012 10:55:20,19.99253112033195,90.0,100,899.9999999944482,5.0
09/30/2012 10:55:30,19.99253112033195,90.0,100,899.9999999944482,5.0
09/30/2012 10:55:40,19.99253112033195,90.0,100,899.9999999944482,5.0
09/30/2012 10:55:50,19.99253112033195,90.0,100,899.9999999944482,5.0
09/30/2012 10:56:00,19.99253112033195,90.0,100,899.9999999944482,5.0
09/30/2012 10:56:10,19.99253112033195,90.0,100,899.9999999944482,5.0
09/30/2012 10:56:20,19.99253112033195,90.0,100,899.9999999944482,5.0
09/30/2012 10:56:30,19.99253112033195,90.0,100,899.9999999944482,5.0
09/30/2012 10:56:40,22.99253112033195,90.0,100,899.9999999944482,5.0
09/30/2012 10:56:50,22.99253112033195,90.0,100,899.9999999944482,5.0
09/30/2012 10:57:00,22.99253112033195,90.0,100,900.3599999944483,4.925
09/30/2012 10:57:10,22.99253112033195,90.0,100,900.6479999944484,4.86875
09/30/2012 10:57:20,22.99253112033195,90.0,100,900.8783999944483,4.8265625
09/30/2012 10:57:30,22.99253112033195,90.0,100,901.0627199944481,4.794921875
09/30/2012 10:57:40,22.99253112033195,90.0,100,901.2101759944483,4.77119140625
09/30/2012 10:57:50,22.99253112033195,90.0,100,901.3281407944482,4.7533935546875
09/30/2012 10:58:00,22.99253112033195,90.0,100,901.4225126344484,4.74004516601562
09/30/2012 10:58:10,22.99253112033195,90.0,100,901.4980101064482,4.73003387451172
09/30/2012 10:58:20,22.99253112033195,90.0,100,901.5584080840483,4.722525405883791
09/30/2012 10:58:30,22.99253112033195,90.0,100,901.6067264661285,4.71689405441284
09/30/2012 10:58:40,22.99253112033195,90.0,100,901.6453811717922,4.71267054080963
09/30/2012 10:58:50,22.99253112033195,90.0,100,901.6763049363233,4.70950290560722
09/30/2012 10:59:00,22.99253112033195,90.0,100,901.7010439479484,4.70712717920542
09/30/2012 10:59:10,22.99253112033195,90.0,100,901.7208351572483,4.70534538440406
09/30/2012 10:59:20,22.99253112033195,90.0,100,901.7366681246883,4.70400903830305
09/30/2012 10:59:30,22.99253112033195,90.0,100,901.7493344986403,4.70300677872729
09/30/2012 10:59:40,22.99253112033195,90.0,100,901.7594675978023,4.70225508404546
09/30/2012 10:59:50,22.99253112033195,90.0,100,901.7675740771313,4.701691313034099
09/30/2012 11:00:00,22.99253112033195,90.0,100,901.7740592605942,4.70126848477557
09/30/2012 11:00:10,22.99253112033195,90.0,100,901.7792474073651,4.700951363581679
09/30/2012 11:00:20,22.99253112033195,90.0,100,901.7833979247823,4.70071352268626
09/30/2012 11:00:30,22.99253112033195,90.0,100,901.7867183387152,4.7005351420147
09/30/2012 11:00:40,22.99253112033195,90.0,100,901.7893746698621,4.700401356511019
09/30/2012 11:00:50,22.99253112033195,90.0,100,901.7914997347791,4.7003010173832696
09/30/2012 11:01:00,22.99253112033195,90.0,100,901.7931997867133,4.700225763037451
09/30/2012 11:01:10,22.99253112033195,90.0,100,901.7945598282602,4.70016932227809
09/30/2012 11:01:20,22.99253112033195,90.0,100,901.7956478614972,4.70012699170857
09/30/2012 11:01:30,22.99253112033195,90.0,100,901.7965182880882,4.70009524378142
09/30/2012 11:01:40,22.99253112033195,90.0,100,901.7972146293603,4.70007143283607
09/30/2012 11:01:50,22.99253112033195,90.0,100,901.7977717023771,4.7000535746270495
09/30/2012 11:02:00,22.99253112033195,90.0,100,901.7982173607911,4.70004018097029
09/30/2012 11:02:10,22.99253112033195,90.0,100,901.7985738875232,4.70003013572772
09/30/2012 11:02:20,22.99253112033195,90.0,100,901.7988591089081,4.70002260179579
09/30/2012 11:02:30,22.99253112033195,90.0,100,901.7990872860162,4.700016951346839
09/30/2012 11:02:40,22.99253112033195,90.0,100,901.7992698277021,4.70001271351013
09/30/2012 11:02:50,22.99253112033195,90.0,100,901.7994158610511,4.700009535132599
09/30/2012 11:03:00,22.99253112033195,90.0,100,901.799532687731,4.700007151349451
09/30/2012 11:03:10,22.99253112033195,90.0,100,901.7996261490741,4.70000536351209
09/30/2012 11:03:20,22.99253112033195,90.0,100,901.7997009181493,4.70000402263406
09/30/2012 11:03:30,22.99253112033195,90.0,100,901.7997607334094,4.7000030169755505
09/30/2012 11:03:40,22.99253112033195,90.0,100,901.7998085856173,4.70000226273166
09/30/2012 11:03:50,22.99253112033195,90.0,100,901.7998468673834,4.70000169704875
09/30/2012 11:04:00,22.99253112033195,90.0,100,901.7998774927962,4.70000127278656
09/30/2012 11:04:10,22.99253112033195,90.0,100,901.7999019931262,4.70000095458992
09/30/2012 11:04:20,22.99253112033195,90.0,100,901.7999215933912,4.700000715942441
09/30/2012 11:04:30,22.99253112033195,90.0,100,901.7999372736024,4.70000053695683
09/30/2012 11:04:40,22.99253112033195,90.0,100,901.7999498177712,4.70000040271762
09/30/2012 11:04:50,22.99253112033195,90.0,100,901.7999598531071,4.7000003020382195
09/30/2012 11:05:00,19.99253112033195,90.0,100,901.7999678813751,4.70000022652866
09/30/2012 11:05:10,19.99253112033195,90.0,100,901.7999743039902,4.7000001698965
09/30/2012 11:05:20,19.99253112033195,90.0,100,901.4399794420813,4.77500012742237
09/30/2012 11:05:30,19.99253112033195,90.0,100,901.1519835525553,4.831250095566781
09/30/2012 11:05:40,19.99253112033195,90.0,100,900.9215868409331,4.8734375716750895
09/30/2012 11:05:50,19.99253112033195,90.0,100,900.7372694716362,4.90507817875631
09/30/2012 11:06:00,19.99253112033195,90.0,100,900.589815576199,4.928808634067241
09/30/2012 11:06:10,19.99253112033195,90.0,100,900.4718524598491,4.94660647555043
09/30/2012 11:06:20,19.99253112033195,90.0,100,900.3774819667681,4.95995485666282
09/30/2012 11:06:30,19.99253112033195,90.0,100,900.3019855723044,4.96996614249711
09/30/2012 11:06:40,19.99253112033195,90.0,100,900.2415884567333,4.97747460687284
09/30/2012 11:06:50,19.99253112033195,90.0,100,900.1932707642761,4.98310595515463
09/30/2012 11:07:00,19.99253112033195,90.0,100,900.1546166103101,4.98732946636597
09/30/2012 11:07:10,19.99253112033195,90.0,100,900.1236932871382,4.990497099774481
09/30/2012 11:07:20,19.99253112033195,90.0,100,900.0989546286003,4.992872824830861
09/30/2012 11:07:30,19.99253112033195,90.0,100,900.0791637017703,4.99465461862314
09/30/2012 11:07:40,19.99253112033195,90.0,100,900.0633309603052,4.99599096396736
09/30/2012 11:07:50,19.99253112033195,90.0,100,900.0506647671343,4.99699322297552
09/30/2012 11:08:00,19.99253112033195,90.0,100,900.040531812597,4.99774491723164
09/30/2012 11:08:10,19.99253112033195,90.0,100,900.0324254489672,4.99830868792373
09/30/2012 11:08:20,19.99253112033195,90.0,100,900.0259403580633,4.9987315159428
09/30/2012 11:08:30,19.99253112033195,90.0,100,900.0207522853402,4.9990486369571
09/30/2012 11:08:40,19.99253112033195,90.0,100,900.0166018271623,4.9992864777178205
09/30/2012 11:08:50,19.99253112033195,90.0,100,900.0132814606193,4.999464858288371
09/30/2012 11:09:00,19.99253112033195,90.0,100,900.0106251673853,4.99959864371628
09/30/2012 11:09:10,19.99253112033195,90.0,100,900.0085001327973,4.999698982787209
09/30/2012 11:09:20,19.99253112033195,90.0,100,900.0068001051272,4.9997742370904
09/30/2012 11:09:30,19.99253112033195,90.0,100,900.0054400829922,4.9998306778178
09/30/2012 11:09:40,19.99253112033195,90.0,100,900.0043520652832,4.999873008363349
09/30/2012 11:09:50,19.99253112033195,90.0,100,900.0034816511163,4.999904756272509
09/30/2012 11:10:00,19.99253112033195,90.0,100,900.0027853197823,4.99992856720439
09/30/2012 11:10:10,19.99253112033195,90.0,100,900.0022282547152,4.99994642540329
09/30/2012 11:10:20,19.99253112033195,90.0,100,900.0017826026622,4.99995981905247
09/30/2012 11:10:30,19.99253112033195,90.0,100,900.0014260810192,4.9999698642893495
09/30/2012 11:10:40,19.99253112033195,90.0,100,900.0011408637054,4.99997739821701
09/30/2012 11:10:50,19.99253112033195,90.0,100,900.0009126898542,4.999983048662759
09/30/2012 11:11:00,19.99253112033195,90.0,100,900.0007301507724,4.9999872864970705
09/30/2012 11:11:10,19.99253112033195,90.0,100,900.0005841195082,4.999990464872799
09/30/2012 11:11:20,19.99253112033195,90.0,100,900.0004672944963,4.9999928486546
09/30/2012 11:11:30,19.99253112033195,90.0,100,900.0003738344863,4.99999463649095
09/30/2012 11:11:40,19.99253112033195,90.0,100,900.0002990664791,4.99999597736821
09/30/2012 11:11:50,19.99253112033195,90.0,100,900.0002392520721,4.99999698302616
09/30/2012 11:12:00,19.99253112033195,90.0,100,900.0001914005472,4.99999773726962
09/30/2012 11:12:10,19.99253112033195,90.0,100,900.0001531193282,4.9999983029522195
09/30/2012 11:12:20,19.99253112033195,90.0,100,900.0001224943524,4.99999872721416
09/30/2012 11:12:30,19.99253112033195,90.0,100,900.0000979943711,4.99999904541062
09/30/2012 11:12:40,19.99253112033195,90.0,100,900.0000783943863,4.99999928405797
09/30/2012 11:12:50,19.99253112033195,90.0,100,900.0000627143993,4.99999946304347
09/30/2012 11:13:00,19.99253112033195,90.0,100,900.0000501704092,4.999999597282611
09/30/2012 11:13:10,19.99253112033195,90.0,100,900.0000401352161,4.99999969796195
09/30/2012 11:13:20,16.99253112033195,94.5,100,900.0000321070631,4.99999977347147
09/30/2012 11:13:30,16.99253112033195,94.5,100,900.0000256845403,4.999999830103599
09/30/2012 11:13:40,16.99253112033195,94.5,100,899.527520546522,5.749999872577701
09/30/2012 11:13:50,16.99253112033195,94.5,100,899.1495164361072,6.3124999044332695
09/30/2012 11:14:00,16.99253112033195,94.5,100,898.8471131477752,6.734374928324961
09/30/2012 11:14:10,16.99253112033195,94.5,100,898.6051905171103,7.05078119624372
09/30/2012 11:14:20,16.99253112033195,94.5,100,898.4116524125773,7.28808589718279
09/30/2012 11:14:30,16.99253112033195,94.5,100,898.2568219289512,7.466064422887089
09/30/2012 11:14:40,16.99253112033195,94.5,100,898.1329575420511,7.59954831716532
09/30/2012 11:14:50,16.99253112033195,94.5,100,898.0338660325303,7.699661237873991
09/30/2012 11:15:00,16.99253112033195,94.5,100,897.9545928249142,7.77474592840549
09/30/2012 11:15:10,16.99253112033195,94.5,100,897.8911742588214,7.83105944630412
09/30/2012 11:15:20,16.99253112033195,94.5,100,897.8404394059462,7.8732945847280895
09/30/2012 11:15:30,16.99253112033195,94.5,100,897.7998515236461,7.90497093854607
09/30/2012 11:15:40,16.99253112033195,94.5,100,897.7673812178073,7.92872820390955
09/30/2012 11:15:50,16.99253112033195,94.5,100,897.7414049731353,7.94654615293216
09/30/2012 11:16:00,16.99253112033195,94.5,100,897.7206239773982,7.959909614699121
09/30/2012 11:16:10,16.99253112033195,94.5,100,897.7039991808081,7.96993221102434
09/30/2012 11:16:20,16.99253112033195,94.5,100,897.6906993435362,7.97744915826826
09/30/2012 11:16:30,16.99253112033195,94.5,100,897.6800594737181,7.983086868701191
09/30/2012 11:16:40,16.99253112033195,94.5,100,897.6715475778642,7.987315151525889
09/30/2012 11:16:50,16.99253112033195,94.5,100,897.6647380611812,7.99048636364442
09/30/2012 11:17:00,16.99253112033195,94.5,100,897.6592904478341,7.99286477273332
09/30/2012 11:17:10,16.99253112033195,94.5,100,897.6549323571573,7.99464857954999
09/30/2012 11:17:20,16.99253112033195,94.5,100,897.6514458846152,7.99598643466249
09/30/2012 11:17:30,16.99253112033195,94.5,100,897.6486567065822,7.99698982599687
09/30/2012 11:17:40,16.99253112033195,94.5,100,897.6464253641552,7.997742369497651
09/30/2012 11:17:50,16.99253112033195,94.5,100,897.644640290214,7.99830677712324
09/30/2012 11:18:00,16.99253112033195,94.5,100,897.6432122310612,7.99873008284243
09/30/2012 11:18:10,16.99253112033195,94.5,100,897.6420697837382,7.999047562131819
09/30/2012 11:18:20,16.99253112033195,94.5,100,897.6411558258803,7.999285671598869
09/30/2012 11:18:30,16.99253112033195,94.5,100,897.6404246595941,7.99946425369915
09/30/2012 11:18:40,16.99253112033195,94.5,100,897.6398397265641,7.9995981902743605
09/30/2012 11:18:50,16.99253112033195,94.5,100,897.6393717801413,7.99969864270577
09/30/2012 11:19:00,16.99253112033195,94.5,100,897.638997423003,7.999773982029329
09/30/2012 11:19:10,16.99253112033195,94.5,100,897.6386979372921,7.999830486522
09/30/2012 11:19:20,16.99253112033195,94.5,100,897.6384583487231,7.9998728648915005
09/30/2012 11:19:30,16.99253112033195,94.5,100,897.6382666778682,7.999904648668621
09/30/2012 11:19:40,16.99253112033195,94.5,100,897.6381133411842,7.99992848650147
09/30/2012 11:19:50,16.99253112033195,94.5,100,897.6379906718373,7.9999463648761
09/30/2012 11:20:00,16.99253112033195,94.5,100,897.6378925363592,7.99995977365708
09/30/2012 11:20:10,16.99253112033195,94.5,100,897.6378140279774,7.999969830242809
09/30/2012 11:20:20,16.99253112033195,94.5,100,897.6377512212712,7.99997737268211
09/30/2012 11:20:30,16.99253112033195,94.5,100,897.6377009759062,7.99998302951158
09/30/2012 11:20:40,16.99253112033195,94.5,100,897.6376607796153,7.999987272133679
09/30/2012 11:20:50,16.99253112033195,94.5,100,897.6376286225811,7.999990454100259
09/30/2012 11:21:00,16.99253112033195,94.5,100,897.6376028969553,7.9999928405752
09/30/2012 11:21:10,16.99253112033195,94.5,100,897.6375823164533,7.9999946304314005
09/30/2012 11:21:20,16.99253112033195,94.5,100,897.6375658520521,7.99999597282355
09/30/2012 11:21:30,16.99253112033195,94.5,100,897.637552680532,7.99999697961766
09/30/2012 11:21:40,19.99253112033195,90.0,100,897.6375421433152,7.999997734713251
09/30/2012 11:21:50,19.99253112033195,90.0,100,897.6375337135412,7.99999830103493
09/30/2012 11:22:00,19.99253112033195,90.0,100,898.1100269697233,7.249998725776201
09/30/2012 11:22:10,19.99253112033195,90.0,100,898.4880215746682,6.68749904433215
09/30/2012 11:22:20,19.99253112033195,90.0,100,898.7904172586243,6.26562428324911
09/30/2012 11:22:30,19.99253112033195,90.0,100,899.032333805789,5.94921821243683
09/30/2012 11:22:40,19.99253112033195,90.0,100,899.2258670435212,5.71191365932763
09/30/2012 11:22:50,19.99253112033195,90.0,100,899.3806936337062,5.533935244495719
09/30/2012 11:23:00,19.99253112033195,90.0,100,899.5045549058543,5.4004514333717895
09/30/2012 11:23:10,19.99253112033195,90.0,100,899.6036439235734,5.30033857502884
09/30/2012 11:23:20,19.99253112033195,90.0,100,899.6829151377481,5.22525393127163
09/30/2012 11:23:30,19.99253112033195,90.0,100,899.7463321090884,5.16894044845372
09/30/2012 11:23:40,19.99253112033195,90.0,100,899.7970656861603,5.12670533634029
09/30/2012 11:23:50,19.99253112033195,90.0,100,899.8376525478182,5.095029002255219
09/30/2012 11:24:00,19.99253112033195,90.0,100,899.8701220371443,5.07127175169141
09/30/2012 11:24:10,19.99253112033195,90.0,100,899.896097628605,5.053453813768559
09/30/2012 11:24:20,19.99253112033195,90.0,100,899.9168781017731,5.04009036032642
09/30/2012 11:24:30,19.99253112033195,90.0,100,899.9335024803083,5.03006777024482
09/30/2012 11:24:40,19.99253112033195,90.0,100,899.9468019831363,5.02255082768361
09/30/2012 11:24:50,19.99253112033195,90.0,100,899.9574415853992,5.01691312076271
09/30/2012 11:25:00,19.99253112033195,90.0,100,899.9659532672083,5.012684840572031
09/30/2012 11:25:10,19.99253112033195,90.0,100,899.9727626126562,5.009513630429019
09/30/2012 11:25:20,19.99253112033195,90.0,100,899.9782100890152,5.00713522282177
09/30/2012 11:25:30,19.99253112033195,90.0,100,899.9825680701013,5.00535141711633
09/30/2012 11:25:40,19.99253112033195,90.0,100,899.9860544549713,5.00401356283724
09/30/2012 11:25:50,19.99253112033195,90.0,100,899.9888435628661,5.00301017212793
09/30/2012 11:26:00,19.99253112033195,90.0,100,899.9910748491832,5.00225762909595
09/30/2012 11:26:10,19.99253112033195,90.0,100,899.9928598782362,5.00169322182196
09/30/2012 11:26:20,19.99253112033195,90.0,100,899.9942879014782,5.00126991636647
09/30/2012 11:26:30,19.99253112033195,90.0,100,899.9954303200723,5.000952437274849
09/30/2012 11:26:40,19.99253112033195,90.0,100,899.9963442549472,5.000714327956139
09/30/2012 11:26:50,19.99253112033195,90.0,100,899.9970754028473,5.0005357459671105
09/30/2012 11:27:00,19.99253112033195,90.0,100,899.9976603211674,5.00040180947533
09/30/2012 11:27:10,19.99253112033195,90.0,100,899.9981282558242,5.0003013571065
09/30/2012 11:27:20,19.99253112033195,90.0,100,899.9985026035481,5.00022601782987
09/30/2012 11:27:30,19.99253112033195,90.0,100,899.9988020817284,5.0001695133724
09/30/2012 11:27:40,19.99253112033195,90.0,100,899.9990416642722,5.0001271350293
09/30/2012 11:27:50,19.99253112033195,90.0,100,899.9992333303073,5.00009535127198
09/30/2012 11:28:00,19.99253112033195,90.0,100,899.9993866631364,5.000071513453981
09/30/2012 11:28:10,19.99253112033195,90.0,100,899.999509329398,5.00005363509049
09/30/2012 11:28:20,19.99253112033195,90.0,100,899.999607462408,5.00004022631787
09/30/2012 11:28:30,19.99253112033195,90.0,100,899.999685968816,5.000030169738401
09/30/2012 11:28:40,19.99253112033195,90.0,100,899.9997487739422,5.0000226273038
09/30/2012 11:28:50,19.99253112033195,90.0,100,899.9997990180443,5.00001697047785
09/30/2012 11:29:00,19.99253112033195,90.0,100,899.9998392133241,5.0000127278583895
09/30/2012 11:29:10,19.99253112033195,90.0,100,899.9998713695493,5.00000954589379
09/30/2012 11:29:20,19.99253112033195,90.0,100,899.9998970945292,5.00000715942034
09/30/2012 11:29:30,19.99253112033195,90.0,100,899.9999176745132,5.00000536956526
09/30/2012 11:29:40,19.99253112033195,90.0,100,899.9999341385003,5.00000402717394
09/30/2012 11:29:50,19.99253112033195,90.0,100,899.9999473096891,5.00000302038046
09/30/2012 11:30:00,19.99253112033195,85.5,100,899.9999578466411,5.00000226528534
09/30/2012 11:30:10,19.99253112033195,85.5,100,899.9999662762032,5.0000016989640095
09/30/2012 11:30:20,19.99253112033195,85.5,100,900.1124730198524,4.32500127422301
09/30/2012 11:30:30,19.99253112033195,85.5,100,900.2024784147713,3.8187509556672503
09/30/2012 11:30:40,19.99253112033195,85.5,100,900.2744827307063,3.43906321675044
09/30/2012 11:30:50,19.99253112033195,85.5,100,900.3320861834552,3.15429741256283
09/30/2012 11:31:00,19.99253112033195,85.5,100,900.3781689456532,2.94072305942212
09/30/2012 11:31:10,19.99253112033195,85.5,100,900.4150351554124,2.7805422945665894
09/30/2012 11:31:20,19.99253112033195,85.5,100,900.4445281232192,2.66040672092494
09/30/2012 11:31:30,19.99253112033195,85.5,100,900.4681224974652,2.57030504069371
09/30/2012 11:31:40,19.99253112033195,85.5,100,900.4869979968621,2.50272878052028
09/30/2012 11:31:50,19.99253112033195,85.5,100,900.5020983963793,2.45204658539021
09/30/2012 11:32:00,19.99253112033195,85.5,100,900.514178715993,2.41403493904266
09/30/2012 11:32:10,19.99253112033195,85.5,100,900.5238429716842,2.38552620428199
09/30/2012 11:32:20,19.99253112033195,85.5,100,900.5315743762371,2.3641446532115
09/30/2012 11:32:30,19.99253112033195,85.5,100,900.5377594998793,2.34810848990862
09/30/2012 11:32:40,19.99253112033195,85.5,100,900.5427075987932,2.33608136743147
09/30/2012 11:32:50,19.99253112033195,85.5,100,900.5466660779241,2.3270610255736
09/30/2012 11:33:00,19.99253112033195,85.5,100,900.5498328612291,2.3202957691802
09/30/2012 11:33:10,19.99253112033195,85.5,100,900.5523662878722,2.31522182688515
09/30/2012 11:33:20,19.99253112033195,85.5,100,900.5543930291881,2.31141637016386
09/30/2012 11:33:30,19.99253112033195,85.5,100,900.5560144222402,2.3085622776229
09/30/2012 11:33:40,19.99253112033195,85.5,100,900.5573115366813,2.30642170821717
09/30/2012 11:33:50,19.99253112033195,85.5,100,900.5583492282351,2.30481628116288
09/30/2012 11:34:00,19.99253112033195,85.5,100,900.5591793814772,2.3036122108721604
09/30/2012 11:34:10,19.99253112033195,85.5,100,900.5598435040713,2.30270915815412
09/30/2012 11:34:20,19.99253112033195,85.5,100,900.5603748021472,2.3020318686155896
09/30/2012 11:34:30,19.99253112033195,85.5,100,900.5607998406074,2.30152390146169
09/30/2012 11:34:40,19.99253112033195,85.5,100,900.5611398713752,2.30114292609627
09/30/2012 11:34:50,19.99253112033195,85.5,100,900.5614118959904,2.3008571945722003
09/30/2012 11:35:00,19.99253112033195,85.5,100,900.5616295156813,2.30064289592915
09/30/2012 11:35:10,19.99253112033195,85.5,100,900.5618036114354,2.30048217194686
09/30/2012 11:35:20,19.99253112033195,85.5,100,900.5619428880373,2.30036162896015
09/30/2012 11:35:30,19.99253112033195,85.5,100,900.5620543093194,2.30027122172011
09/30/2012 11:35:40,19.99253112033195,85.5,100,900.5621434463453,2.30020341629008
09/30/2012 11:35:50,19.99253112033195,85.5,100,900.5622147559661,2.3001525622175603
09/30/2012 11:36:00,19.99253112033195,85.5,100,900.5622718036623,2.30011442166317
09/30/2012 11:36:10,19.99253112033195,85.5,100,900.5623174418192,2.3000858162473796
09/30/2012 11:36:20,19.99253112033195,85.5,100,900.5623539523451,2.30006436218553
09/30/2012 11:36:30,19.99253112033195,85.5,100,900.5623831607661,2.3000482716391497
09/30/2012 11:36:40,19.99253112033195,85.5,100,900.5624065275022,2.30003620372936
09/30/2012 11:36:50,19.99253112033195,85.5,100,900.5624252208911,2.30002715279702
09/30/2012 11:37:00,19.99253112033195,85.5,100,900.5624401756031,2.30002036459777
09/30/2012 11:37:10,19.99253112033195,85.5,100,900.5624521393722,2.3000152734483303
09/30/2012 11:37:20,19.99253112033195,85.5,100,900.5624617103872,2.3000114550862403
09/30/2012 11:37:30,19.99253112033195,85.5,100,900.5624693671991,2.3000085913146804
09/30/2012 11:37:40,19.99253112033195,85.5,100,900.5624754926491,2.30000644348601
09/30/2012 11:37:50,19.99253112033195,85.5,100,900.5624803930093,2.3000048326145097
09/30/2012 11:38:00,19.99253112033195,85.5,100,900.5624843132971,2.3000036244608797
09/30/2012 11:38:10,19.99253112033195,85.5,100,900.5624874495272,2.3000027183456604
09/30/2012 11:38:20,19.99253112033195,90.0,100,900.5624899585112,2.30000203875925
09/30/2012 11:38:30,19.99253112033195,90.0,100,900.5624919656982,2.30000152906944
09/30/2012 11:38:40,19.99253112033195,90.0,100,900.4499935714482,2.97500114680208
09/30/2012 11:38:50,19.99253112033195,90.0,100,900.3599948560484,3.4812508601015604
09/30/2012 11:39:00,19.99253112033195,90.0,100,900.2879958837282,3.86093814507617
09/30/2012 11:39:10,19.99253112033195,90.0,100,900.2303967058722,4.14570360880713
09/30/2012 11:39:20,19.99253112033195,90.0,100,900.1843173635873,4.35927770660534
09/30/2012 11:39:30,19.99253112033195,90.0,100,900.1474538897603,4.5194582799540095
09/30/2012 11:39:40,19.99253112033195,90.0,100,900.1179631106972,4.63959370996551
09/30/2012 11:39:50,19.99253112033195,90.0,100,900.0943704874473,4.72969528247413
09/30/2012 11:40:00,19.99253112033195,90.0,100,900.0754963888473,4.7972714618556
09/30/2012 11:40:10,19.99253112033195,90.0,100,900.0603971099681,4.8479535963917
09/30/2012 11:40:20,19.99253112033195,90.0,100,900.048317686864,4.885965197293769
09/30/2012 11:40:30,19.99253112033195,90.0,100,900.038654148381,4.91447389797033
09/30/2012 11:40:40,19.99253112033195,90.0,100,900.0309233175942,4.93585542347775
09/30/2012 11:40:50,19.99253112033195,90.0,100,900.0247386529652,4.9518915676083095
09/30/2012 11:41:00,19.99253112033195,90.0,100,900.0197909212613,4.96391867570623
09/30/2012 11:41:10,19.99253112033195,90.0,100,900.0158327358993,4.97293900677967
09/30/2012 11:41:20,19.99253112033195,90.0,100,900.0126661876093,4.9797042550847594
09/30/2012 11:41:30,19.99253112033195,90.0,100,900.0101329489762,4.98477819131357
09/30/2012 11:41:40,19.99253112033195,90.0,100,900.0081063580712,4.988583643485179
09/30/2012 11:41:50,19.99253112033195,90.0,100,900.0064850853462,4.99143773261388
09/30/2012 11:42:00,19.99253112033195,90.0,100,900.0051880671672,4.99357829946041
09/30/2012 11:42:10,19.99253112033195,90.0,100,900.0041504526232,4.99518372459531
09/30/2012 11:42:20,19.99253112033195,90.0,100,900.0033203609883,4.99638779344648
09/30/2012 11:42:30,19.99253112033195,90.0,100,900.0026562876803,4.99729084508486
09/30/2012 11:42:40,19.99253112033195,90.0,100,900.0021250290342,4.997968133813651
09/30/2012 11:42:50,19.99253112033195,90.0,100,900.0017000221162,4.9984761003602305
09/30/2012 11:43:00,19.99253112033195,90.0,100,900.0013600165832,4.9988570752701795
09/30/2012 11:43:10,19.99253112033195,90.0,100,900.0010880121561,4.99914280645263
09/30/2012 11:43:20,19.99253112033195,90.0,100,900.0008704086142,4.999357104839469
09/30/2012 11:43:30,19.99253112033195,90.0,100,900.0006963257813,4.99951782862961
09/30/2012 11:43:40,19.99253112033195,90.0,100,900.0005570595142,4.999638371472201
09/30/2012 11:43:50,19.99253112033195,90.0,100,900.0004456465012,4.99972877860415
09/30/2012 11:44:00,19.99253112033195,90.0,100,900.0003565160912,4.99979658395312
09/30/2012 11:44:10,19.99253112033195,90.0,100,900.000285211762,4.99984743796484
09/30/2012 11:44:20,19.99253112033195,90.0,100,900.0002281682994,4.99988557847363
09/30/2012 11:44:30,19.99253112033195,90.0,100,900.0001825335291,4.9999141838552195
09/30/2012 11:44:40,19.99253112033195,90.0,100,900.0001460257133,4.99993563789142
09/30/2012 11:44:50,19.99253112033195,90.0,100,900.0001168194601,4.9999517284185595
09/30/2012 11:45:00,19.99253112033195,90.0,100,900.0000934544571,4.99996379631392
09/30/2012 11:45:10,19.99253112033195,90.0,100,900.000074762456,4.9999728472354406
09/30/2012 11:45:20,19.99253112033195,90.0,100,900.0000598088543,4.99997963542658
09/30/2012 11:45:30,19.99253112033195,90.0,100,900.0000478459731,4.999984726569941
09/30/2012 11:45:40,19.99253112033195,90.0,100,900.0000382756682,4.999988544927451
09/30/2012 11:45:50,19.99253112033195,90.0,100,900.0000306194243,4.99999140869559
09/30/2012 11:46:00,19.99253112033195,90.0,100,900.0000244944292,4.999993556521691
09/30/2012 11:46:10,19.99253112033195,90.0,100,900.0000195944333,4.99999516739127
09/30/2012 11:46:20,19.99253112033195,90.0,100,900.0000156744361,4.99999637554345
09/30/2012 11:46:30,19.99253112033195,90.0,100,900.0000125384383,4.999997281657589
09/30/2012 11:46:40,19.99253112033195,90.0,105,900.0000100296402,4.99999796124319
09/30/2012 11:46:50,19.99253112033195,90.0,105,900.0000080226021,4.99999847093239
09/30/2012 11:47:00,19.99253112033195,90.0,105,899.7000064169713,4.74999885319929
09/30/2012 11:47:10,19.99253112033195,90.0,105,899.4600051324662,4.56249913989947
09/30/2012 11:47:20,19.99253112033195,90.0,105,899.2680041048632,4.4218743549246
09/30/2012 11:47:30,19.99253112033195,90.0,105,899.1144032827804,4.3164057661934505
09/30/2012 11:47:40,19.99253112033195,90.0,105,898.9915226251132,4.23730432464509
09/30/2012 11:47:50,19.99253112033195,90.0,105,898.8932180989802,4.17797824348382
09/30/2012 11:48:00,19.99253112033195,90.0,105,898.8145744780743,4.13348368261286
09/30/2012 11:48:10,19.99253112033195,90.0,105,898.7516595813493,4.10011276195965
09/30/2012 11:48:20,19.99253112033195,90.0,105,898.7013276639693,4.07508457146974
09/30/2012 11:48:30,19.99253112033195,90.0,105,898.6610621300642,4.0563134286023
09/30/2012 11:48:40,19.99253112033195,90.0,105,898.6288497029411,4.0422350714517306
09/30/2012 11:48:50,19.99253112033195,90.0,105,898.6030797612432,4.031676303588791
09/30/2012 11:49:00,19.99253112033195,90.0,105,898.5824638078841,4.0237572276916005
09/30/2012 11:49:10,19.99253112033195,90.0,105,898.5659710451971,4.0178179207687
09/30/2012 11:49:20,19.99253112033195,90.0,105,898.5527768350473,4.01336344057652
09/30/2012 11:49:30,19.99253112033195,90.0,105,898.5422214669272,4.01002258043239
09/30/2012 11:49:40,19.99253112033195,90.0,105,898.5337771724312,4.00751693532429
09/30/2012 11:49:50,19.99253112033195,90.0,105,898.5270217368352,4.00563770149322
09/30/2012 11:50:00,19.99253112033195,90.0,105,898.5216173883571,4.00422827611992
09/30/2012 11:50:10,19.99253112033195,90.0,105,898.5172939095753,4.00317120708994
09/30/2012 11:50:20,19.99253112033195,90.0,105,898.5138351265502,4.00237840531745
09/30/2012 11:50:30,19.99253112033195,90.0,105,898.5110681001293,4.00178380398809
09/30/2012 11:50:40,19.99253112033195,90.0,105,898.508854478993,4.001337852991069
09/30/2012 11:50:50,19.99253112033195,90.0,105,898.5070835820841,4.0010033897433
09/30/2012 11:51:00,19.99253112033195,90.0,105,898.5056668645573,4.00075254230748
09/30/2012 11:51:10,19.99253112033195,90.0,105,898.5045334905351,4.00056440673061
09/30/2012 11:51:20,19.99253112033195,90.0,105,898.5036267913181,4.00042330504795
09/30/2012 11:51:30,19.99253112033195,90.0,105,898.5029014319441,4.00031747878597
09/30/2012 11:51:40,19.99253112033195,90.0,105,898.5023211444452,4.00023810908947
09/30/2012 11:51:50,19.99253112033195,90.0,105,898.5018569144452,4.000178581817109
09/30/2012 11:52:00,19.99253112033195,90.0,105,898.5014855304462,4.00013393636283
09/30/2012 11:52:10,19.99253112033195,90.0,105,898.5011884232463,4.00010045227212
09/30/2012 11:52:20,19.99253112033195,90.0,105,898.5009507374873,4.0000753392040895
09/30/2012 11:52:30,19.99253112033195,90.0,105,898.5007605888793,4.000056504403069
09/30/2012 11:52:40,19.99253112033195,90.0,105,898.5006084699933,4.0000423783023
09/30/2012 11:52:50,19.99253112033195,90.0,105,898.5004867748842,4.00003178372673
09/30/2012 11:53:00,19.99253112033195,90.0,105,898.5003894187973,4.00002383779504
09/30/2012 11:53:10,19.99253112033195,90.0,105,898.5003115339273,4.00001787834628
09/30/2012 11:53:20,19.99253112033195,90.0,105,898.5002492260312,4.000013408759711
09/30/2012 11:53:30,19.99253112033195,90.0,105,898.5001993797143,4.00001005656978
09/30/2012 11:53:40,19.99253112033195,90.0,105,898.5001595026613,4.00000754242734
09/30/2012 11:53:50,19.99253112033195,90.0,105,898.5001276010191,4.0000056568205
09/30/2012 11:54:00,19.99253112033195,90.0,105,898.5001020797042,4.00000424261538
09/30/2012 11:54:10,19.99253112033195,90.0,105,898.5000816626532,4.00000318196153
09/30/2012 11:54:20,19.99253112033195,90.0,105,898.5000653290124,4.00000238647115
09/30/2012 11:54:30,19.99253112033195,90.0,105,898.5000522620992,4.00000178985336
09/30/2012 11:54:40,19.99253112033195,90.0,105,898.500041808569,4.00000134239002
09/30/2012 11:54:50,19.99253112033195,90.0,105,898.5000334457452,4.0000010067925205
09/30/2012 11:55:00,19.99253112033195,90.0,100,898.5000267554854,4.00000075509439
09/30/2012 11:55:10,19.99253112033195,90.0,100,898.5000214032782,4.00000056632079
09/30/2012 11:55:20,19.99253112033195,90.0,100,898.8000171215124,4.25000042474059
09/30/2012 11:55:30,19.99253112033195,90.0,100,899.0400136960991,4.4375003185554505
09/30/2012 11:55:40,19.99253112033195,90.0,100,899.2320109557693,4.57812523891658
09/30/2012 11:55:50,19.99253112033195,90.0,100,899.3856087635052,4.68359392918744
09/30/2012 11:56:00,19.99253112033195,90.0,100,899.5084870096932,4.76269544689058
09/30/2012 11:56:10,19.99253112033195,90.0,100,899.6067896066443,4.82202158516793
09/30/2012 11:56:20,19.99253112033195,90.0,100,899.6854316842052,4.86651618887595
09/30/2012 11:56:30,19.99253112033195,90.0,100,899.7483453462544,4.8998871416569605
09/30/2012 11:56:40,19.99253112033195,90.0,100,899.7986762758931,4.92491535624272
09/30/2012 11:56:50,19.99253112033195,90.0,100,899.8389410196041,4.94368651718204
09/30/2012 11:57:00,19.99253112033195,90.0,100,899.8711528145732,4.957764887886531
09/30/2012 11:57:10,19.99253112033195,90.0,100,899.8969222505482,4.9683236659149
09/30/2012 11:57:20,19.99253112033195,90.0,100,899.9175377993283,4.97624274943617
09/30/2012 11:57:30,19.99253112033195,90.0,100,899.9340302383523,4.98218206207713
09/30/2012 11:57:40,19.99253112033195,90.0,100,899.9472241895712,4.9866365465578495
09/30/2012 11:57:50,19.99253112033195,90.0,100,899.9577793505462,4.98997740991839
09/30/2012 11:58:00,19.99253112033195,90.0,100,899.9662234793273,4.992483057438791
09/30/2012 11:58:10,19.99253112033195,90.0,100,899.9729787823512,4.9943622930790905
09/30/2012 11:58:20,19.99253112033195,90.0,100,899.9783830247702,4.995771719809321
09/30/2012 11:58:30,19.99253112033195,90.0,100,899.9827064187061,4.99682878985699
09/30/2012 11:58:40,19.99253112033195,90.0,100,899.9861651338542,4.99762159239274
09/30/2012 11:58:50,19.99253112033195,90.0,100,899.9889321059732,4.998216194294559
09/30/2012 11:59:00,19.99253112033195,90.0,100,899.9911456836683,4.99866214572092
09/30/2012 11:59:10,19.99253112033195,90.0,100,899.9929165458243,4.998996609290691
09/30/2012 11:59:20,19.99253112033195,90.0,100,899.9943332355494,4.999247456968019
09/30/2012 11:59:30,19.99253112033195,90.0,100,899.9954665873292,4.99943559272601
09/30/2012 11:59:40,19.99253112033195,90.0,100,899.9963732687531,4.999576694544509
09/30/2012 11:59:50,19.99253112033195,90.0,100,899.9970986138921,4.99968252090838
09/30/2012 12:00:00,19.99253112033195,90.0,100,899.9976788900033,4.99976189068129
09/30/2012 12:00:10,19.99253112033195,90.0,100,899.998143110892,4.99982141801096
09/30/2012 12:00:20,19.99253112033195,90.0,100,899.9985144876034,4.99986606350822
09/30/2012 12:00:30,19.99253112033195,90.0,100,899.9988115889721,4.99989954763117
09/30/2012 12:00:40,19.99253112033195,90.0,100,899.9990492700674,4.99992466072338
09/30/2012 12:00:50,19.99253112033195,90.0,100,899.9992394149433,4.999943495542531
09/30/2012 12:01:00,19.99253112033195,90.0,100,899.9993915308444,4.9999576216569
09/30/2012 12:01:10,19.99253112033195,90.0,100,899.9995132235651,4.99996821624267
09/30/2012 12:01:20,19.99253112033195,90.0,100,899.9996105777423,4.99997616218201
09/30/2012 12:01:30,19.99253112033195,90.0,100,899.9996884610832,4.9999821216365
09/30/2012 12:01:40,19.99253112033195,90.0,100,899.999750767756,4.99998659122738
09/30/2012 12:01:50,19.99253112033195,90.0,100,899.9998006130943,4.99998994342053
09/30/2012 12:02:00,19.99253112033195,90.0,100,899.9998404893652,4.9999924575654004
09/30/2012 12:02:10,19.99253112033195,90.0,100,899.999872390382,4.99999434317405
09/30/2012 12:02:20,19.99253112033195,90.0,100,899.9998979111951,4.99999575738054
09/30/2012 12:02:30,19.99253112033195,90.0,100,899.9999183278462,4.999996818035401
09/30/2012 12:02:40,19.99253112033195,90.0,100,899.9999346611662,4.99999761352655
09/30/2012 12:02:50,19.99253112033195,90.0,100,899.9999477278222,4.99999821014491
09/30/2012 12:03:00,19.99253112033195,90.0,100,899.9999581811483,4.99999865760869
09/30/2012 12:03:10,19.99253112033195,90.0,100,899.9999665438081,4.99999899320651
09/30/2012 12:03:20,19.99253112033195,90.0,95,899.9999732339363,4.999999244904889
09/30/2012 12:03:30,19.99253112033195,90.0,95,899.9999785860382,4.99999943367866
09/30/2012 12:03:40,19.99253112033195,90.0,95,900.29998286772,5.249999575259
09/30/2012 12:03:50,19.99253112033195,90.0,95,900.5399862930662,5.43749968144425
09/30/2012 12:04:00,19.99253112033195,90.0,95,900.7319890333422,5.57812476108319
09/30/2012 12:04:10,19.99253112033195,90.0,95,900.8855912255633,5.6835935708123895
09/30/2012 12:04:20,19.99253112033195,90.0,95,901.0084729793402,5.762695178109291
09/30/2012 12:04:30,19.99253112033195,90.0,95,901.1067783823621,5.82202138358197
09/30/2012 12:04:40,19.99253112033195,90.0,95,901.1854227047791,5.8665160376864804
09/30/2012 12:04:50,19.99253112033195,90.0,95,901.2483381627133,5.89988702826486
09/30/2012 12:05:00,19.99253112033195,90.0,95,901.2986705290602,5.92491527119864
09/30/2012 12:05:10,19.99253112033195,90.0,95,901.3389364221382,5.94368645339898
09/30/2012 12:05:20,19.99253112033195,90.0,95,901.3711491366,5.957764840049241
09/30/2012 12:05:30,19.99253112033195,90.0,95,901.3969193081691,5.96832363003693
09/30/2012 12:05:40,19.99253112033195,90.0,95,901.4175354454253,5.976242722527701
09/30/2012 12:05:50,19.99253112033195,90.0,95,901.4340283552303,5.982182041895769
09/30/2012 12:06:00,19.99253112033195,90.0,95,901.4472226830733,5.986636531421831
09/30/2012 12:06:10,19.99253112033195,90.0,95,901.4577781453481,5.98997739856637
09/30/2012 12:06:20,19.99253112033195,90.0,95,901.466222515168,5.99248304892478
09/30/2012 12:06:30,19.99253112033195,90.0,95,901.472978011024,5.99436228669358
09/30/2012 12:06:40,19.99253112033195,90.0,95,901.4783824077092,5.99577171502019
09/30/2012 12:06:50,19.99253112033195,90.0,95,901.4827059250572,5.99682878626514
09/30/2012 12:07:00,19.99253112033195,90.0,95,901.4861647389353,5.997621589698861
09/30/2012 12:07:10,19.99253112033195,90.0,95,901.4889317900381,5.99821619227414
09/30/2012 12:07:20,19.99253112033195,90.0,95,901.4911454309201,5.9986621442056105
09/30/2012 12:07:30,19.99253112033195,90.0,95,901.4929163436252,5.9989966081542
09/30/2012 12:07:40,19.99253112033195,90.0,95,901.4943330737904,5.99924745611565
09/30/2012 12:07:50,19.99253112033195,90.0,95,901.4954664579211,5.999435592086741
09/30/2012 12:08:00,19.99253112033195,90.0,95,901.4963731652272,5.999576694065059
09/30/2012 12:08:10,19.99253112033195,90.0,95,901.4970985310713,5.99968252054879
09/30/2012 12:08:20,19.99253112033195,90.0,95,901.4976788237461,5.99976189041159
09/30/2012 12:08:30,19.99253112033195,90.0,95,901.4981430578871,5.9998214178086995
09/30/2012 12:08:40,19.99253112033195,90.0,95,901.4985144451991,5.99986606335652
09/30/2012 12:08:50,19.99253112033195,90.0,95,901.4988115550493,5.999899547517389
09/30/2012 12:09:00,19.99253112033195,90.0,95,901.4990492429292,5.99992466063804
09/30/2012 12:09:10,19.99253112033195,90.0,95,901.4992393932332,5.99994349547853
09/30/2012 12:09:20,19.99253112033195,90.0,95,901.4993915134762,5.9999576216089
09/30/2012 12:09:30,19.99253112033195,90.0,95,901.4995132096703,5.999968216206669
09/30/2012 12:09:40,19.99253112033195,90.0,95,901.4996105666262,5.99997616215501
09/30/2012 12:09:50,19.99253112033195,90.0,95,901.4996884521902,5.9999821216162506
09/30/2012 12:10:00,19.99253112033195,90.0,95,901.4997507606422,5.99998659121219
09/30/2012 12:10:10,19.99253112033195,90.0,95,901.4998006074031,5.99998994340914
09/30/2012 12:10:20,19.99253112033195,90.0,95,901.4998404848122,5.999992457556861
09/30/2012 12:10:30,19.99253112033195,90.0,95,901.4998723867391,5.99999434316764
09/30/2012 12:10:40,19.99253112033195,90.0,95,901.4998979082814,5.99999575737573
09/30/2012 12:10:50,19.99253112033195,90.0,95,901.4999183255143,5.9999968180318
09/30/2012 12:11:00,19.99253112033195,90.0,95,901.4999346593013,5.999997613523849
09/30/2012 12:11:10,19.99253112033195,90.0,95,901.4999477263302,5.99999821014289
09/30/2012 12:11:20,19.99253112033195,90.0,95,901.4999581799541,5.99999865760716
09/30/2012 12:11:30,19.99253112033195,90.0,95,901.4999665428534,5.99999899320537
09/30/2012 12:11:40,19.99253112033195,90.0,100,901.4999732331723,5.99999924490403
09/30/2012 12:11:50,19.99253112033195,90.0,100,901.4999785854272,5.999999433678019
09/30/2012 12:12:00,19.99253112033195,90.0,100,901.1999828672313,5.74999957525852
09/30/2012 12:12:10,19.99253112033195,90.0,100,900.959986292675,5.562499681443889
09/30/2012 12:12:20,19.99253112033195,90.0,100,900.7679890330292,5.42187476108292
09/30/2012 12:12:30,19.99253112033195,90.0,100,900.6143912253133,5.3164060708121905
09/30/2012 12:12:40,19.99253112033195,90.0,100,900.49151297914,5.23730455310914
09/30/2012 12:12:50,19.99253112033195,90.0,100,900.3932103822024,5.17797841483186
09/30/2012 12:13:00,19.99253112033195,90.0,100,900.3145683046512,5.13348381112389
09/30/2012 12:13:10,19.99253112033195,90.0,100,900.2516546426102,5.10011285834292
09/30/2012 12:13:20,19.99253112033195,90.0,100,900.2013237129784,5.075084643757191
09/30/2012 12:13:30,19.99253112033195,90.0,100,900.1610589692723,5.056313482817889
09/30/2012 12:13:40,19.99253112033195,90.0,100,900.1288471743071,5.04223511211342
09/30/2012 12:13:50,19.99253112033195,90.0,100,900.1030777383353,5.03167633408506
09/30/2012 12:14:00,19.99253112033195,90.0,100,900.0824621895583,5.0237572505638
09/30/2012 12:14:10,19.99253112033195,90.0,100,900.0659697505362,5.01781793792285
09/30/2012 12:14:20,19.99253112033195,90.0,100,900.0527757993182,5.01336345344214
09/30/2012 12:14:30,19.99253112033195,90.0,100,900.0422206383444,5.0100225900816
09/30/2012 12:14:40,19.99253112033195,90.0,100,900.0337765095653,5.0075169425612005
09/30/2012 12:14:50,19.99253112033195,90.0,100,900.0270212065423,5.005637706920901
09/30/2012 12:15:00,19.99253112033195,90.0,100,900.0216169641233,5.004228280190679
09/30/2012 12:15:10,19.99253112033195,90.0,100,900.0172935701883,5.00317121014301
09/30/2012 12:15:20,19.99253112033195,90.0,100,900.0138348550402,5.00237840760725
09/30/2012 12:15:30,19.99253112033195,90.0,100,900.0110678829221,5.001783805705441
09/30/2012 12:15:40,19.99253112033195,90.0,100,900.0088543052273,5.00133785427908
09/30/2012 12:15:50,19.99253112033195,90.0,100,900.0070834430712,5.001003390709309
09/30/2012 12:16:00,19.99253112033195,90.0,100,900.0056667533461,5.000752543031981
09/30/2012 12:16:10,19.99253112033195,90.0,100,900.0045334015672,5.00056440727399
09/30/2012 12:16:20,19.99253112033195,90.0,100,900.0036267201433,5.000423305455491
09/30/2012 12:16:30,19.99253112033195,90.0,100,900.0029013750043,5.00031747909162
09/30/2012 12:16:40,19.99253112033195,90.0,100,900.0023210988932,5.00023810931871
09/30/2012 12:16:50,19.99253112033195,90.0,100,900.0018568780044,5.00017858198903
09/30/2012 12:17:00,19.99253112033195,90.0,100,900.001485501293,5.00013393649178
09/30/2012 12:17:10,19.99253112033195,90.0,100,900.0011883999243,5.00010045236883
09/30/2012 12:17:20,19.99253112033195,90.0,100,900.000950718829,5.00007533927662
09/30/2012 12:17:30,19.99253112033195,90.0,100,900.0007605739522,5.000056504457469
09/30/2012 12:17:40,19.99253112033195,90.0,100,900.000608458052,5.0000423783431
09/30/2012 12:17:50,19.99253112033195,90.0,100,900.0004867653313,5.00003178375733
09/30/2012 12:18:00,19.99253112033195,90.0,100,900.0003894111542,5.00002383781799
09/30/2012 12:18:10,19.99253112033195,90.0,100,900.0003115278132,5.0000178783635
09/30/2012 12:18:20,19.99253112033195,90.0,100,900.0002492211404,5.00001340877262
09/30/2012 12:18:30,19.99253112033195,90.0,100,900.0001993758021,5.00001005657947
09/30/2012 12:18:40,19.99253112033195,90.0,100,900.0001594995313,5.0000075424345996
09/30/2012 12:18:50,19.99253112033195,90.0,100,900.0001275985144,5.00000565682595
09/30/2012 12:19:00,19.99253112033195,90.0,100,900.0001020777013,5.00000424261946
09/30/2012 12:19:10,19.99253112033195,90.0,100,900.0000816610502,5.000003181964599
09/30/2012 12:19:20,19.99253112033195,90.0,100,900.0000653277302,5.00000238647345
09/30/2012 12:19:30,19.99253112033195,90.0,100,900.0000522610742,5.00000178985509
09/30/2012 12:19:40,19.99253112033195,90.0,100,900.0000418077482,5.00000134239131
09/30/2012 12:19:50,19.99253112033195,90.0,100,900.0000334450883,5.00000100679349
09/30/2012 12:20:00,19.99253112033195,90.0,100,900.0000267549601,5.000000755095111
09/30/2012 12:20:10,19.99253112033195,90.0,100,900.0000334450883,5.00000100679349
09/30/2012 12:20:20,22.99253112033195,90.0,100,900.0000267549601,5.000000755095111
09/30/2012 12:20:30,22.99253112033195,90.0,100,900.0000267549601,5.000000755095111
09/30/2012 12:20:40,22.99253112033195,90.0,100,900.0000267549601,5.000000755095111
