Time,U,Y
2020-01-01 00:00:00,0,0.0
2020-01-01 00:01:00,0,0.0
2020-01-01 00:02:00,0,0.0
2020-01-01 00:03:00,0,0.0
2020-01-01 00:04:00,0,0.0
2020-01-01 00:05:00,0,0.0
2020-01-01 00:06:00,0,0.0
2020-01-01 00:07:00,0,0.0
2020-01-01 00:08:00,0,0.0
2020-01-01 00:09:00,0,0.0
2020-01-01 00:10:00,0,0.0
2020-01-01 00:11:00,0,0.0
2020-01-01 00:12:00,0,0.0
2020-01-01 00:13:00,0,0.0
2020-01-01 00:14:00,0,0.0
2020-01-01 00:15:00,0,0.0
2020-01-01 00:16:00,0,0.0
2020-01-01 00:17:00,0,0.0
2020-01-01 00:18:00,0,0.0
2020-01-01 00:19:00,0,0.0
2020-01-01 00:20:00,0,0.0
2020-01-01 00:21:00,0,0.0
2020-01-01 00:22:00,0,0.0
2020-01-01 00:23:00,0,0.0
2020-01-01 00:24:00,0,0.0
2020-01-01 00:25:00,0,0.0
2020-01-01 00:26:00,0,0.0
2020-01-01 00:27:00,0,0.0
2020-01-01 00:28:00,0,0.0
2020-01-01 00:29:00,0,0.0
2020-01-01 00:30:00,0,0.0
2020-01-01 00:31:00,0,0.0
2020-01-01 00:32:00,0,0.0
2020-01-01 00:33:00,0,0.0
2020-01-01 00:34:00,0,0.0
2020-01-01 00:35:00,0,0.0
2020-01-01 00:36:00,0,0.0
2020-01-01 00:37:00,0,0.0
2020-01-01 00:38:00,0,0.0
2020-01-01 00:39:00,0,0.0
2020-01-01 00:40:00,0,0.0
2020-01-01 00:41:00,0,0.0
2020-01-01 00:42:00,0,0.0
2020-01-01 00:43:00,0,0.0
2020-01-01 00:44:00,0,0.0
2020-01-01 00:45:00,0,0.0
2020-01-01 00:46:00,0,0.0
2020-01-01 00:47:00,0,0.0
2020-01-01 00:48:00,0,0.0
2020-01-01 00:49:00,0,0.0
2020-01-01 00:50:00,0,0.0
2020-01-01 00:51:00,0,0.0
2020-01-01 00:52:00,0,0.0
2020-01-01 00:53:00,0,0.0
2020-01-01 00:54:00,0,0.0
2020-01-01 00:55:00,0,0.0
2020-01-01 00:56:00,0,0.0
2020-01-01 00:57:00,0,0.0
2020-01-01 00:58:00,0,0.0
2020-01-01 00:59:00,0,0.0
2020-01-01 01:00:00,0,0.0
2020-01-01 01:01:00,0,0.0
2020-01-01 01:02:00,0,0.0
2020-01-01 01:03:00,0,0.0
2020-01-01 01:04:00,0,0.0
2020-01-01 01:05:00,0,0.0
2020-01-01 01:06:00,0,0.0
2020-01-01 01:07:00,0,0.0
2020-01-01 01:08:00,0,0.0
2020-01-01 01:09:00,0,0.0
2020-01-01 01:10:00,0,0.0
2020-01-01 01:11:00,0,0.0
2020-01-01 01:12:00,0,0.0
2020-01-01 01:13:00,0,0.0
2020-01-01 01:14:00,0,0.0
2020-01-01 01:15:00,0,0.0
2020-01-01 01:16:00,0,0.0
2020-01-01 01:17:00,0,0.0
2020-01-01 01:18:00,0,0.0
2020-01-01 01:19:00,0,0.0
2020-01-01 01:20:00,0,0.0
2020-01-01 01:21:00,0,0.0
2020-01-01 01:22:00,0,0.0
2020-01-01 01:23:00,0,0.0
2020-01-01 01:24:00,0,0.0
2020-01-01 01:25:00,0,0.0
2020-01-01 01:26:00,0,0.0
2020-01-01 01:27:00,0,0.0
2020-01-01 01:28:00,0,0.0
2020-01-01 01:29:00,0,0.0
2020-01-01 01:30:00,0,0.0
2020-01-01 01:31:00,0,0.0
2020-01-01 01:32:00,0,0.0
2020-01-01 01:33:00,0,0.0
2020-01-01 01:34:00,0,0.0
2020-01-01 01:35:00,0,0.0
2020-01-01 01:36:00,0,0.0
2020-01-01 01:37:00,0,0.0
2020-01-01 01:38:00,0,0.0
2020-01-01 01:39:00,0,0.0
2020-01-01 01:40:00,0,0.0
2020-01-01 01:41:00,0,0.0
2020-01-01 01:42:00,0,0.0
2020-01-01 01:43:00,0,0.0
2020-01-01 01:44:00,0,0.0
2020-01-01 01:45:00,0,0.0
2020-01-01 01:46:00,0,0.0
2020-01-01 01:47:00,0,0.0
2020-01-01 01:48:00,0,0.0
2020-01-01 01:49:00,0,0.0
2020-01-01 01:50:00,0,0.0
2020-01-01 01:51:00,0,0.0
2020-01-01 01:52:00,0,0.0
2020-01-01 01:53:00,0,0.0
2020-01-01 01:54:00,0,0.0
2020-01-01 01:55:00,0,0.0
2020-01-01 01:56:00,0,0.0
2020-01-01 01:57:00,0,0.0
2020-01-01 01:58:00,0,0.0
2020-01-01 01:59:00,0,0.0
2020-01-01 02:00:00,0,0.0
2020-01-01 02:01:00,0,0.0
2020-01-01 02:02:00,0,0.0
2020-01-01 02:03:00,0,0.0
2020-01-01 02:04:00,0,0.0
2020-01-01 02:05:00,0,0.0
2020-01-01 02:06:00,0,0.0
2020-01-01 02:07:00,0,0.0
2020-01-01 02:08:00,0,0.0
2020-01-01 02:09:00,0,0.0
2020-01-01 02:10:00,0,0.0
2020-01-01 02:11:00,0,0.0
2020-01-01 02:12:00,0,0.0
2020-01-01 02:13:00,0,0.0
2020-01-01 02:14:00,0,0.0
2020-01-01 02:15:00,0,0.0
2020-01-01 02:16:00,0,0.0
2020-01-01 02:17:00,0,0.0
2020-01-01 02:18:00,0,0.0
2020-01-01 02:19:00,0,0.0
2020-01-01 02:20:00,0,0.0
2020-01-01 02:21:00,0,0.0
2020-01-01 02:22:00,0,0.0
2020-01-01 02:23:00,0,0.0
2020-01-01 02:24:00,0,0.0
2020-01-01 02:25:00,0,0.0
2020-01-01 02:26:00,0,0.0
2020-01-01 02:27:00,0,0.0
2020-01-01 02:28:00,0,0.0
2020-01-01 02:29:00,0,0.0
2020-01-01 02:30:00,0,0.0
2020-01-01 02:31:00,0,0.0
2020-01-01 02:32:00,0,0.0
2020-01-01 02:33:00,0,0.0
2020-01-01 02:34:00,0,0.0
2020-01-01 02:35:00,0,0.0
2020-01-01 02:36:00,0,0.0
2020-01-01 02:37:00,0,0.0
2020-01-01 02:38:00,0,0.0
2020-01-01 02:39:00,0,0.0
2020-01-01 02:40:00,0,0.0
2020-01-01 02:41:00,0,0.0
2020-01-01 02:42:00,0,0.0
2020-01-01 02:43:00,0,0.0
2020-01-01 02:44:00,0,0.0
2020-01-01 02:45:00,0,0.0
2020-01-01 02:46:00,0,0.0
2020-01-01 02:47:00,0,0.0
2020-01-01 02:48:00,0,0.0
2020-01-01 02:49:00,0,0.0
2020-01-01 02:50:00,0,0.0
2020-01-01 02:51:00,0,0.0
2020-01-01 02:52:00,0,0.0
2020-01-01 02:53:00,0,0.0
2020-01-01 02:54:00,0,0.0
2020-01-01 02:55:00,0,0.0
2020-01-01 02:56:00,0,0.0
2020-01-01 02:57:00,0,0.0
2020-01-01 02:58:00,0,0.0
2020-01-01 02:59:00,0,0.0
2020-01-01 03:00:00,0,0.0
2020-01-01 03:01:00,0,0.0
2020-01-01 03:02:00,0,0.0
2020-01-01 03:03:00,0,0.0
2020-01-01 03:04:00,0,0.0
2020-01-01 03:05:00,0,0.0
2020-01-01 03:06:00,0,0.0
2020-01-01 03:07:00,0,0.0
2020-01-01 03:08:00,0,0.0
2020-01-01 03:09:00,0,0.0
2020-01-01 03:10:00,0,0.0
2020-01-01 03:11:00,0,0.0
2020-01-01 03:12:00,0,0.0
2020-01-01 03:13:00,0,0.0
2020-01-01 03:14:00,0,0.0
2020-01-01 03:15:00,0,0.0
2020-01-01 03:16:00,0,0.0
2020-01-01 03:17:00,0,0.0
2020-01-01 03:18:00,0,0.0
2020-01-01 03:19:00,0,0.0
2020-01-01 03:20:00,0,0.0
2020-01-01 03:21:00,0,0.0
2020-01-01 03:22:00,0,0.0
2020-01-01 03:23:00,0,0.0
2020-01-01 03:24:00,0,0.0
2020-01-01 03:25:00,0,0.0
2020-01-01 03:26:00,0,0.0
2020-01-01 03:27:00,0,0.0
2020-01-01 03:28:00,0,0.0
2020-01-01 03:29:00,0,0.0
2020-01-01 03:30:00,0,0.0
2020-01-01 03:31:00,0,0.0
2020-01-01 03:32:00,0,0.0
2020-01-01 03:33:00,0,0.0
2020-01-01 03:34:00,0,0.0
2020-01-01 03:35:00,0,0.0
2020-01-01 03:36:00,0,0.0
2020-01-01 03:37:00,0,0.0
2020-01-01 03:38:00,0,0.0
2020-01-01 03:39:00,0,0.0
2020-01-01 03:40:00,0,0.0
2020-01-01 03:41:00,0,0.0
2020-01-01 03:42:00,0,0.0
2020-01-01 03:43:00,0,0.0
2020-01-01 03:44:00,0,0.0
2020-01-01 03:45:00,0,0.0
2020-01-01 03:46:00,0,0.0
2020-01-01 03:47:00,0,0.0
2020-01-01 03:48:00,0,0.0
2020-01-01 03:49:00,0,0.0
2020-01-01 03:50:00,0,0.0
2020-01-01 03:51:00,0,0.0
2020-01-01 03:52:00,0,0.0
2020-01-01 03:53:00,0,0.0
2020-01-01 03:54:00,0,0.0
2020-01-01 03:55:00,0,0.0
2020-01-01 03:56:00,0,0.0
2020-01-01 03:57:00,0,0.0
2020-01-01 03:58:00,0,0.0
2020-01-01 03:59:00,0,0.0
2020-01-01 04:00:00,0,0.0
2020-01-01 04:01:00,0,0.0
2020-01-01 04:02:00,0,0.0
2020-01-01 04:03:00,0,0.0
2020-01-01 04:04:00,0,0.0
2020-01-01 04:05:00,0,0.0
2020-01-01 04:06:00,0,0.0
2020-01-01 04:07:00,0,0.0
2020-01-01 04:08:00,0,0.0
2020-01-01 04:09:00,0,0.0
2020-01-01 04:10:00,0,0.0
2020-01-01 04:11:00,0,0.0
2020-01-01 04:12:00,0,0.0
2020-01-01 04:13:00,0,0.0
2020-01-01 04:14:00,0,0.0
2020-01-01 04:15:00,0,0.0
2020-01-01 04:16:00,0,0.0
2020-01-01 04:17:00,0,0.0
2020-01-01 04:18:00,0,0.0
2020-01-01 04:19:00,0,0.0
2020-01-01 04:20:00,0,0.0
2020-01-01 04:21:00,0,0.0
2020-01-01 04:22:00,0,0.0
2020-01-01 04:23:00,0,0.0
2020-01-01 04:24:00,0,0.0
2020-01-01 04:25:00,0,0.0
2020-01-01 04:26:00,0,0.0
2020-01-01 04:27:00,0,0.0
2020-01-01 04:28:00,0,0.0
2020-01-01 04:29:00,0,0.0
2020-01-01 04:30:00,0,0.0
2020-01-01 04:31:00,0,0.0
2020-01-01 04:32:00,0,0.0
2020-01-01 04:33:00,0,0.0
2020-01-01 04:34:00,0,0.0
2020-01-01 04:35:00,0,0.0
2020-01-01 04:36:00,0,0.0
2020-01-01 04:37:00,0,0.0
2020-01-01 04:38:00,0,0.0
2020-01-01 04:39:00,0,0.0
2020-01-01 04:40:00,0,0.0
2020-01-01 04:41:00,0,0.0
2020-01-01 04:42:00,0,0.0
2020-01-01 04:43:00,0,0.0
2020-01-01 04:44:00,0,0.0
2020-01-01 04:45:00,0,0.0
2020-01-01 04:46:00,0,0.0
2020-01-01 04:47:00,0,0.0
2020-01-01 04:48:00,0,0.0
2020-01-01 04:49:00,0,0.0
2020-01-01 04:50:00,0,0.0
2020-01-01 04:51:00,0,0.0
2020-01-01 04:52:00,0,0.0
2020-01-01 04:53:00,0,0.0
2020-01-01 04:54:00,0,0.0
2020-01-01 04:55:00,0,0.0
2020-01-01 04:56:00,0,0.0
2020-01-01 04:57:00,0,0.0
2020-01-01 04:58:00,0,0.0
2020-01-01 04:59:00,0,0.0
2020-01-01 05:00:00,0,0.0
2020-01-01 05:01:00,0,0.0
2020-01-01 05:02:00,0,0.0
2020-01-01 05:03:00,0,0.0
2020-01-01 05:04:00,0,0.0
2020-01-01 05:05:00,0,0.0
2020-01-01 05:06:00,0,0.0
2020-01-01 05:07:00,0,0.0
2020-01-01 05:08:00,0,0.0
2020-01-01 05:09:00,0,0.0
2020-01-01 05:10:00,0,0.0
2020-01-01 05:11:00,0,0.0
2020-01-01 05:12:00,0,0.0
2020-01-01 05:13:00,0,0.0
2020-01-01 05:14:00,0,0.0
2020-01-01 05:15:00,0,0.0
2020-01-01 05:16:00,0,0.0
2020-01-01 05:17:00,0,0.0
2020-01-01 05:18:00,0,0.0
2020-01-01 05:19:00,0,0.0
2020-01-01 05:20:00,0,0.0
2020-01-01 05:21:00,0,0.0
2020-01-01 05:22:00,0,0.0
2020-01-01 05:23:00,0,0.0
2020-01-01 05:24:00,0,0.0
2020-01-01 05:25:00,0,0.0
2020-01-01 05:26:00,0,0.0
2020-01-01 05:27:00,0,0.0
2020-01-01 05:28:00,0,0.0
2020-01-01 05:29:00,0,0.0
2020-01-01 05:30:00,0,0.0
2020-01-01 05:31:00,0,0.0
2020-01-01 05:32:00,0,0.0
2020-01-01 05:33:00,0,0.0
2020-01-01 05:34:00,0,0.0
2020-01-01 05:35:00,0,0.0
2020-01-01 05:36:00,0,0.0
2020-01-01 05:37:00,0,0.0
2020-01-01 05:38:00,0,0.0
2020-01-01 05:39:00,0,0.0
2020-01-01 05:40:00,10,0.0
2020-01-01 05:41:00,0,0.0
2020-01-01 05:42:00,0,0.0
2020-01-01 05:43:00,0,0.0
2020-01-01 05:44:00,0,0.0
2020-01-01 05:45:00,0,0.0
2020-01-01 05:46:00,0,0.0
2020-01-01 05:47:00,0,0.0
2020-01-01 05:48:00,0,0.0
2020-01-01 05:49:00,0,0.0
2020-01-01 05:50:00,0,0.0
2020-01-01 05:51:00,0,0.0
2020-01-01 05:52:00,0,0.0
2020-01-01 05:53:00,0,0.0
2020-01-01 05:54:00,0,0.0
2020-01-01 05:55:00,0,0.0
2020-01-01 05:56:00,0,0.0
2020-01-01 05:57:00,0,0.0
2020-01-01 05:58:00,0,0.0
2020-01-01 05:59:00,0,0.0
2020-01-01 06:00:00,0,0.0
2020-01-01 06:01:00,0,0.003109271634270514
2020-01-01 06:02:00,0,0.009264087333260732
2020-01-01 06:03:00,0,0.015321523218210703
2020-01-01 06:04:00,0,0.021279271636741412
2020-01-01 06:05:00,0,0.027135121129430295
2020-01-01 06:06:00,0,0.03288695636946082
2020-01-01 06:07:00,0,0.03853275804353914
2020-01-01 06:08:00,0,0.04407060267502618
2020-01-01 06:09:00,0,0.04949866239025506
2020-01-01 06:10:00,0,0.05481520462902487
2020-01-01 06:11:00,0,0.06001859180028114
2020-01-01 06:12:00,0,0.06510728088401306
2020-01-01 06:13:00,0,0.07007982298041485
2020-01-01 06:14:00,0,0.07493486280737609
2020-01-01 06:15:00,0,0.07967113814738218
2020-01-01 06:16:00,0,0.08428747924492094
2020-01-01 06:17:00,0,0.08878280815550631
2020-01-01 06:18:00,0,0.09315613804744291
2020-01-01 06:19:00,0,0.0974065724574686
2020-01-01 06:20:00,0,0.10153330450142307
2020-01-01 06:21:00,0,0.10553561604110195
2020-01-01 06:22:00,0,0.10941287680846525
2020-01-01 06:23:00,0,0.11316454348837848
2020-01-01 06:24:00,0,0.11679015876107306
2020-01-01 06:25:00,0,0.12028935030551892
2020-01-01 06:26:00,0,0.12366182976491044
2020-01-01 06:27:00,0,0.1269073916754706
2020-01-01 06:28:00,0,0.1300259123597845
2020-01-01 06:29:00,0,0.13301734878587668
2020-01-01 06:30:00,0,0.1358817373932497
2020-01-01 06:31:00,0,0.13861919288710456
2020-01-01 06:32:00,0,0.14122990700196417
2020-01-01 06:33:00,0,0.14371414723592246
2020-01-01 06:34:00,0,0.14607225555674186
2020-01-01 06:35:00,0,0.14830464708102048
2020-01-01 06:36:00,0,0.15041180872764962
2020-01-01 06:37:00,0,0.15239429784677927
2020-01-01 06:38:00,0,0.15425274082550708
2020-01-01 06:39:00,0,0.15598783167150193
2020-01-01 06:40:00,0,0.1576003305757695
2020-01-01 06:41:00,0,0.15909106245576135
2020-01-01 06:42:00,0,0.16046091548002475
2020-01-01 06:43:00,0,0.16171083957558205
2020-01-01 06:44:00,0,0.1628418449192242
2020-01-01 06:45:00,0,0.1638550004138919
2020-01-01 06:46:00,0,0.16475143215131294
2020-01-01 06:47:00,0,0.16553232186205352
2020-01-01 06:48:00,0,0.16619890535413218
2020-01-01 06:49:00,0,0.16675247094133527
2020-01-01 06:50:00,0,0.16719435786236234
2020-01-01 06:51:00,0,0.16752595469191833
2020-01-01 06:52:00,0,0.16774869774485862
2020-01-01 06:53:00,0,0.16786406947447918
2020-01-01 06:54:00,0,0.16787359686603412
2020-01-01 06:55:00,0,0.16777884982654648
2020-01-01 06:56:00,0,0.16758143957196767
2020-01-01 06:57:00,0,0.16728301701272452
2020-01-01 06:58:00,0,0.16688527113868004
2020-01-01 06:59:00,0,0.16638992740451816
2020-01-01 07:00:00,0,0.1657987461165475
2020-01-01 07:01:00,0,0.165113520821904
2020-01-01 07:02:00,0,0.164336076701116
2020-01-01 07:03:00,0,0.16346826896497835
2020-01-01 07:04:00,0,0.1625119812566661
2020-01-01 07:05:00,0,0.1614691240600011
2020-01-01 07:06:00,0,0.16034163311476685
2020-01-01 07:07:00,0,0.15913146783995002
2020-01-01 07:08:00,0,0.1578406097657684
2020-01-01 07:09:00,0,0.15647106097532767
2020-01-01 07:10:00,0,0.15502484255672905
2020-01-01 07:11:00,0,0.15350399306643403
2020-01-01 07:12:00,0,0.1519105670046705
2020-01-01 07:13:00,0,0.15024663330364707
2020-01-01 07:14:00,0,0.1485142738293231
2020-01-01 07:15:00,0,0.1467155818974613
2020-01-01 07:16:00,0,0.14485266080467113
2020-01-01 07:17:00,0,0.14292762237513118
2020-01-01 07:18:00,0,0.14094258552365801
2020-01-01 07:19:00,0,0.13889967483577012
2020-01-01 07:20:00,0,0.13680101916537415
2020-01-01 07:21:00,0,0.13464875025068124
2020-01-01 07:22:00,0,0.1324450013489406
2020-01-01 07:23:00,0,0.13019190589055699
2020-01-01 07:24:00,0,0.12789159615313825
2020-01-01 07:25:00,0,0.125546201955999
2020-01-01 07:26:00,0,0.12315784937562518
2020-01-01 07:27:00,0,0.12072865948258499
2020-01-01 07:28:00,0,0.11826074710034942
2020-01-01 07:29:00,0,0.11575621958646726
2020-01-01 07:30:00,0,0.11321717563651651
2020-01-01 07:31:00,0,0.11064570411123624
2020-01-01 07:32:00,0,0.10804388288722051
2020-01-01 07:33:00,0,0.10541377773153673
2020-01-01 07:34:00,0,0.1027574412006105
2020-01-01 07:35:00,0,0.10007691156369826
2020-01-01 07:36:00,0,0.09737421175125001
2020-01-01 07:37:00,0,0.09465134832844346
2020-01-01 07:38:00,0,0.09191031049415162
2020-01-01 07:39:00,0,0.0891530691055864
2020-01-01 07:40:00,0,0.08638157572884059
2020-01-01 07:41:00,0,0.08359776171553185
2020-01-01 07:42:00,0,0.08080353730573281
2020-01-01 07:43:00,0,0.07800079075735233
2020-01-01 07:44:00,0,0.07519138750211428
2020-01-01 07:45:00,0,0.07237716932826112
2020-01-01 07:46:00,0,0.0695599535900918
2020-01-01 07:47:00,0,0.06674153244442449
2020-01-01 07:48:00,0,0.06392367211405695
2020-01-01 07:49:00,0,0.06110811217827951
2020-01-01 07:50:00,0,0.05829656489047808
2020-01-01 07:51:00,0,0.055490714522846984
2020-01-01 07:52:00,0,0.052692216738214614
2020-01-01 07:53:00,0,0.04990269798896794
2020-01-01 07:54:00,0,0.04712375494304506
2020-01-01 07:55:00,0,0.04435695393694924
2020-01-01 07:56:00,0,0.04160383045572088
2020-01-01 07:57:00,0,0.0388658886397893
2020-01-01 07:58:00,0,0.03614460081860949
2020-01-01 07:59:00,0,0.0334414070709747
2020-01-01 08:00:00,0,0.030757714811880187
2020-01-01 08:01:00,0,0.028094898405799373
2020-01-01 08:02:00,0,0.025454298806218828
2020-01-01 08:03:00,0,0.022837223221264875
2020-01-01 08:04:00,0,0.02024494480524071
2020-01-01 08:05:00,0,0.017678702375879665
2020-01-01 08:06:00,0,0.015139700157107113
2020-01-01 08:07:00,0,0.012629107547090781
2020-01-01 08:08:00,0,0.010148058911346935
2020-01-01 08:09:00,0,0.007697653400657643
2020-01-01 08:10:00,0,0.005278954793542755
2020-01-01 08:11:00,0,0.002892991363018685
2020-01-01 08:12:00,0,0.0005407557673651102
2020-01-01 08:13:00,0,-0.0017767950353901358
2020-01-01 08:14:00,0,-0.004058739849568005
2020-01-01 08:15:00,0,-0.00630419328082717
2020-01-01 08:16:00,0,-0.008512305752364792
2020-01-01 08:17:00,0,-0.010682263498658341
2020-01-01 08:18:00,0,-0.012813288537086732
2020-01-01 08:19:00,0,-0.014904638617777695
2020-01-01 08:20:00,0,-0.01695560715203669
2020-01-01 08:21:00,0,-0.018965523119720593
2020-01-01 08:22:00,0,-0.020933750955927137
2020-01-01 08:23:00,0,-0.0228596904173783
2020-01-01 08:24:00,0,-0.024742776428882854
2020-01-01 08:25:00,0,-0.02658247891026993
2020-01-01 08:26:00,0,-0.028378302584191613
2020-01-01 08:27:00,0,-0.030129786765198747
2020-01-01 08:28:00,0,-0.03183650513049943
2020-01-01 08:29:00,0,-0.03349806547281529
2020-01-01 08:30:00,0,-0.03511410943575513
2020-01-01 08:31:00,0,-0.03668431223213073
2020-01-01 08:32:00,0,-0.03820838234564307
2020-01-01 08:33:00,0,-0.039686061216372
2020-01-01 08:34:00,0,-0.04111712291050521
2020-01-01 08:35:00,0,-0.04250137377474643
2020-01-01 08:36:00,0,-0.043838652075844885
2020-01-01 08:37:00,0,-0.045128827625691495
2020-01-01 08:38:00,0,-0.04637180139242901
2020-01-01 08:39:00,0,-0.04756750509802572
2020-01-01 08:40:00,0,-0.048715900802763654
2020-01-01 08:41:00,0,-0.04981698047709418
2020-01-01 08:42:00,0,-0.05087076556131424
2020-01-01 08:43:00,0,-0.05187730651351814
2020-01-01 08:44:00,0,-0.052836682346279404
2020-01-01 08:45:00,0,-0.053749000152518225
2020-01-01 08:46:00,0,-0.05461439462100945
2020-01-01 08:47:00,0,-0.05543302754198587
2020-01-01 08:48:00,0,-0.05620508730329109
2020-01-01 08:49:00,0,-0.05693078837753495
2020-01-01 08:50:00,0,-0.05761037080070393
2020-01-01 08:51:00,0,-0.05824409964267682
2020-01-01 08:52:00,0,-0.05883226447009486
2020-01-01 08:53:00,0,-0.05937517880203322
2020-01-01 08:54:00,0,-0.05987317955891875
2020-01-01 08:55:00,0,-0.06032662650513633
2020-01-01 08:56:00,0,-0.06073590168576345
2020-01-01 08:57:00,0,-0.061101408857870076
2020-01-01 08:58:00,0,-0.061423572916817215
2020-01-01 08:59:00,0,-0.06170283931798465
2020-01-01 09:00:00,0,-0.06193967349435465
2020-01-01 09:01:00,0,-0.0621345602703744
2020-01-01 09:02:00,0,-0.062288003272516455
2020-01-01 09:03:00,0,-0.062400524336951736
2020-01-01 09:04:00,0,-0.062472662914745625
2020-01-01 09:05:00,0,-0.06250497547498293
2020-01-01 09:06:00,0,-0.06249803490622287
2020-01-01 09:07:00,0,-0.06245242991668006
2020-01-01 09:08:00,0,-0.062368764433522884
2020-01-01 09:09:00,0,-0.062247657001674485
2020-01-01 09:10:00,0,-0.06208974018249727
2020-01-01 09:11:00,0,-0.06189565995273512
2020-01-01 09:12:00,0,-0.06166607510408288
2020-01-01 09:13:00,0,-0.06140165664374564
2020-01-01 09:14:00,0,-0.0611030871963454
2020-01-01 09:15:00,0,-0.060771060407525765
2020-01-01 09:16:00,0,-0.06040628034959951
2020-01-01 09:17:00,0,-0.06000946092957707
2020-01-01 09:18:00,0,-0.059581325299908006
2020-01-01 09:19:00,0,-0.05912260527226026
2020-01-01 09:20:00,0,-0.05863404073465585
2020-01-01 09:21:00,0,-0.05811637907227448
2020-01-01 09:22:00,0,-0.05757037459222966
2020-01-01 09:23:00,0,-0.056996787952615265
2020-01-01 09:24:00,0,-0.05639638559611273
2020-01-01 09:25:00,0,-0.05576993918844275
2020-01-01 09:26:00,0,-0.05511822506193732
2020-01-01 09:27:00,0,-0.0544420236645013
2020-01-01 09:28:00,0,-0.053742119014224855
2020-01-01 09:29:00,0,-0.05301929815990116
2020-01-01 09:30:00,0,-0.05227435064769595
2020-01-01 09:31:00,0,-0.051508067994208206
2020-01-01 09:32:00,0,-0.05072124316615367
2020-01-01 09:33:00,0,-0.049914670066895386
2020-01-01 09:34:00,0,-0.04908914303003771
2020-01-01 09:35:00,0,-0.04824545632029295
2020-01-01 09:36:00,0,-0.04738440364182181
2020-01-01 09:37:00,0,-0.04650677765424143
2020-01-01 09:38:00,0,-0.04561336949648703
2020-01-01 09:39:00,0,-0.044704968318705615
2020-01-01 09:40:00,0,-0.04378236082235257
2020-01-01 09:41:00,0,-0.0428463308086542
2020-01-01 09:42:00,0,-0.04189765873559189
2020-01-01 09:43:00,0,-0.04093712128355565
2020-01-01 09:44:00,0,-0.0399654909298075
2020-01-01 09:45:00,0,-0.0389835355318876
2020-01-01 09:46:00,0,-0.03799201792008809
2020-01-01 09:47:00,0,-0.036991695499112826
2020-01-01 09:48:00,0,-0.03598331985903297
2020-01-01 09:49:00,0,-0.034967636395641655
2020-01-01 09:50:00,0,-0.033945383940303095
2020-01-01 09:51:00,0,-0.032917294399384525
2020-01-01 09:52:00,0,-0.0318840924033518
2020-01-01 09:53:00,0,-0.030846494965602687
2020-01-01 09:54:00,0,-0.029805211151104218
2020-01-01 09:55:00,0,-0.028760941754893937
2020-01-01 09:56:00,0,-0.027714378990497442
2020-01-01 09:57:00,0,-0.02666620618830797
2020-01-01 09:58:00,0,-0.025617097503966735
2020-01-01 09:59:00,0,-0.024567717636776065
2020-01-01 10:00:00,0,-0.02351872155817059
2020-01-01 10:01:00,0,-0.022470754250265276
2020-01-01 10:02:00,0,-0.02142445045449228
2020-01-01 10:03:00,0,-0.02038043443033251
2020-01-01 10:04:00,0,-0.0193393197241412
2020-01-01 10:05:00,0,-0.01830170894806056
2020-01-01 10:06:00,0,-0.0172681935690066
2020-01-01 10:07:00,0,-0.016239353707710857
2020-01-01 10:08:00,0,-0.015215757947792168
2020-01-01 10:09:00,0,-0.014197963154827454
2020-01-01 10:10:00,0,-0.013186514305384946
2020-01-01 10:11:00,0,-0.012181944325977578
2020-01-01 10:12:00,0,-0.011184773941888722
2020-01-01 10:13:00,0,-0.010195511535817095
2020-01-01 10:14:00,0,-0.009214653016282333
2020-01-01 10:15:00,0,-0.008242681695727488
2020-01-01 10:16:00,0,-0.0072800681782497715
2020-01-01 10:17:00,0,-0.006327270256885784
2020-01-01 10:18:00,0,-0.005384732820372716
2020-01-01 10:19:00,0,-0.004452887769302278
2020-01-01 10:20:00,0,-0.0035321539415795293
2020-01-01 10:21:00,0,-0.0026229370470943073
2020-01-01 10:22:00,0,-0.0017256296115086317
2020-01-01 10:23:00,0,-0.0008406109290592271
2020-01-01 10:24:00,0,3.175297572977865e-05
2020-01-01 10:25:00,0,0.000891109377532879
2020-01-01 10:26:00,0,0.0017371188710206857
2020-01-01 10:27:00,0,0.002569455383085349
2020-01-01 10:28:00,0,0.0033878061766139432
2020-01-01 10:29:00,0,0.004191871845933307
2020-01-01 10:30:00,0,0.004981366304053159
2020-01-01 10:31:00,0,0.005756016761837525
2020-01-01 10:32:00,0,0.006515563699237533
2020-01-01 10:33:00,0,0.007259760828721665
2020-01-01 10:34:00,0,0.007988375051042253
2020-01-01 10:35:00,0,0.00870118640347981
2020-01-01 10:36:00,0,0.009397988000709257
2020-01-01 10:37:00,0,0.010078585968434584
2020-01-01 10:38:00,0,0.010742799369940768
2020-01-01 10:39:00,0,0.01139046012571399
2020-01-01 10:40:00,0,0.01202141292628315
2020-01-01 10:41:00,0,0.012635515138437716
2020-01-01 10:42:00,0,0.013232636704978686
2020-01-01 10:43:00,0,0.013812660038161095
2020-01-01 10:44:00,0,0.014375479906988137
2020-01-01 10:45:00,0,0.014921003318518308
2020-01-01 10:46:00,0,0.01544914939334835
2020-01-01 10:47:00,0,0.015959849235435933
2020-01-01 10:48:00,0,0.01645304579642714
2020-01-01 10:49:00,0,0.016928693734654634
2020-01-01 10:50:00,0,0.017386759268973408
2020-01-01 10:51:00,0,0.0178272200276016
2020-01-01 10:52:00,0,0.018250064892134488
2020-01-01 10:53:00,0,0.01865529383690034
2020-01-01 10:54:00,0,0.019042917763827032
2020-01-01 10:55:00,0,0.01941295833298879
2020-01-01 10:56:00,0,0.01976544778900246
2020-01-01 10:57:00,0,0.020100428783442696
2020-01-01 10:58:00,0,0.020417954193445685
2020-01-01 10:59:00,0,0.02071808693667045
2020-01-01 11:00:00,0,0.021000899782786894
2020-01-01 11:01:00,0,0.021266475161659214
2020-01-01 11:02:00,0,0.021514904968392777
2020-01-01 11:03:00,0,0.02174629036541219
2020-01-01 11:04:00,0,0.02196074158173749
2020-01-01 11:05:00,0,0.02215837770962465
2020-01-01 11:06:00,0,0.022339326498735858
2020-01-01 11:07:00,0,0.022503724148003952
2020-01-01 11:08:00,0,0.022651715095354512
2020-01-01 11:09:00,0,0.022783451805447833
2020-01-01 11:10:00,0,0.0228990945556021
2020-01-01 11:11:00,0,0.02299881122005743
2020-01-01 11:12:00,0,0.02308277705273951
2020-01-01 11:13:00,0,0.02315117446867968
2020-01-01 11:14:00,0,0.023204192824247353
2020-01-01 11:15:00,0,0.02324202819634847
2020-01-01 11:16:00,0,0.02326488316074259
2020-01-01 11:17:00,0,0.02327296656962906
2020-01-01 11:18:00,0,0.02326649332865128
2020-01-01 11:19:00,0,0.02324568417346591
2020-01-01 11:20:00,0,0.023210765446022175
2020-01-01 11:21:00,0,0.023161968870694334
2020-01-01 11:22:00,0,0.023099531330408353
2020-01-01 11:23:00,0,0.02302369464290175
2020-01-01 11:24:00,0,0.022934705337253475
2020-01-01 11:25:00,0,0.022832814430818228
2020-01-01 11:26:00,0,0.022718277206697866
2020-01-01 11:27:00,0,0.02259135299187963
2020-01-01 11:28:00,0,0.02245230493616912
2020-01-01 11:29:00,0,0.02230139979204319
2020-01-01 11:30:00,0,0.022138907695545627
2020-01-01 11:31:00,0,0.021965101948346083
2020-01-01 11:32:00,0,0.02178025880108004
2020-01-01 11:33:00,0,0.021584657238085184
2020-01-01 11:34:00,0,0.02137857876364691
2020-01-01 11:35:00,0,0.02116230718986309
2020-01-01 11:36:00,0,0.020936128426235545
2020-01-01 11:37:00,0,0.02070033027109314
2020-01-01 11:38:00,0,0.02045520220494844
2020-01-01 11:39:00,0,0.020201035185887506
2020-01-01 11:40:00,0,0.01993812144708932
2020-01-01 11:41:00,0,0.019666754296568906
2020-01-01 11:42:00,0,0.01938722791923506
2020-01-01 11:43:00,0,0.01909983718135117
2020-01-01 11:44:00,0,0.018804877437484605
2020-01-01 11:45:00,0,0.018502644340027297
2020-01-01 11:46:00,0,0.01819343365136751
2020-01-01 11:47:00,0,0.017877541058789734
2020-01-01 11:48:00,0,0.01755526199217699
2020-01-01 11:49:00,0,0.0172268914445868
2020-01-01 11:50:00,0,0.016892723795769456
2020-01-01 11:51:00,0,0.01655305263869418
2020-01-01 11:52:00,0,0.016208170609145988
2020-01-01 11:53:00,0,0.01585836921845331
2020-01-01 11:54:00,0,0.015503938689403453
2020-01-01 11:55:00,0,0.015145167795400248
2020-01-01 11:56:00,0,0.01478234370291541
2020-01-01 11:57:00,0,0.014415751817282248
2020-01-01 11:58:00,0,0.014045675631877658
2020-01-01 11:59:00,0,0.013672396580735515
2020-01-01 12:00:00,0,0.013296193894631757
2020-01-01 12:01:00,0,0.012917344460678784
2020-01-01 12:02:00,0,0.012536122685464016
2020-01-01 12:03:00,0,0.012152800361764698
2020-01-01 12:04:00,0,0.01176764653886847
2020-01-01 12:05:00,0,0.01138092739652636
2020-01-01 12:06:00,0,0.01099290612256238
2020-01-01 12:07:00,0,0.010603842794161183
2020-01-01 12:08:00,0,0.01021399426285265
2020-01-01 12:09:00,0,0.009823614043209705
2020-01-01 12:10:00,0,0.009432952205273164
2020-01-01 12:11:00,0,0.009042255270714797
2020-01-01 12:12:00,0,0.008651766112747386
2020-01-01 12:13:00,0,0.008261723859788109
2020-01-01 12:14:00,0,0.00787236380287906
2020-01-01 12:15:00,0,0.007483917306866464
2020-01-01 12:16:00,0,0.0070966117253376815
2020-01-01 12:17:00,0,0.006710670319312839
2020-01-01 12:18:00,0,0.00632631217968561
2020-01-01 12:19:00,0,0.005943752153405461
2020-01-01 12:20:00,0,0.005563200773391423
2020-01-01 12:21:00,0,0.005184864192165317
2020-01-01 12:22:00,0,0.004808944119190238
2020-01-01 12:23:00,0,0.004435637761897987
2020-01-01 12:24:00,0,0.004065137770387111
2020-01-01 12:25:00,0,0.003697632185771227
2020-01-01 12:26:00,0,0.003333304392155288
2020-01-01 12:27:00,0,0.002972333072215608
2020-01-01 12:28:00,0,0.002614892166357515
2020-01-01 12:29:00,0,0.002261150835422721
2020-01-01 12:30:00,0,0.001911273426916681
2020-01-01 12:31:00,0,0.0015654194447244963
2020-01-01 12:32:00,0,0.0012237435222822027
2020-01-01 12:33:00,0,0.00088639539916864
2020-01-01 12:34:00,0,0.0005535199010815047
2020-01-01 12:35:00,0,0.0002252569231596154
2020-01-01 12:36:00,0,-9.825858338807942e-05
2020-01-01 12:37:00,0,-0.0004168966213876872
2020-01-01 12:38:00,0,-0.0007305321545821058
2020-01-01 12:39:00,0,-0.0010390451113330274
2020-01-01 12:40:00,0,-0.0013423203851882569
2020-01-01 12:41:00,0,-0.001640247832360662
2020-01-01 12:42:00,0,-0.001932722266166295
2020-01-01 12:43:00,0,-0.0022196434484704156
2020-01-01 12:44:00,0,-0.0025009160781912614
2020-01-01 12:45:00,0,-0.0027764497769125008
2020-01-01 12:46:00,0,-0.00304615907165635
2020-01-01 12:47:00,0,-0.003309963374870293
2020-01-01 12:48:00,0,-0.003567786961681322
2020-01-01 12:49:00,0,-0.003819558944472476
2020-01-01 12:50:00,0,-0.004065213244837325
2020-01-01 12:51:00,0,-0.0043046885629688175
2020-01-01 12:52:00,0,-0.0045379283445396955
2020-01-01 12:53:00,0,-0.004764880745132351
2020-01-01 12:54:00,0,-0.004985498592276686
2020-01-01 12:55:00,0,-0.005199739345155122
2020-01-01 12:56:00,0,-0.0054075650520345004
2020-01-01 12:57:00,0,-0.005608942305485112
2020-01-01 12:58:00,0,-0.005803842195447576
2020-01-01 12:59:00,0,-0.005992240260208734
2020-01-01 13:00:00,0,-0.006174116435348086
2020-01-01 13:01:00,0,-0.006349455000716673
2020-01-01 13:02:00,0,-0.0065182445255105486
2020-01-01 13:03:00,0,-0.0066804778115013355
2020-01-01 13:04:00,0,-0.0068361518344864595
2020-01-01 13:05:00,0,-0.00698526768402193
2020-01-01 13:06:00,0,-0.0071278305015005945
2020-01-01 13:07:00,0,-0.007263849416638933
2020-01-01 13:08:00,0,-0.007393337482435444
2020-01-01 13:09:00,0,-0.007516311608663777
2020-01-01 13:10:00,0,-0.0076327924939636315
2020-01-01 13:11:00,0,-0.00774280455659245
2020-01-01 13:12:00,0,-0.007846375863900799
2020-01-01 13:13:00,0,-0.007943538060594174
2020-01-01 13:14:00,0,-0.00803432629584379
2020-01-01 13:15:00,0,-0.008118779149308739
2020-01-01 13:16:00,0,-0.008196938556131569
2020-01-01 13:17:00,0,-0.00826884973096914
2020-01-01 13:18:00,0,-0.008334561091120199
2020-01-01 13:19:00,0,-0.00839412417881083
2020-01-01 13:20:00,0,-0.00844759358269852
2020-01-01 13:21:00,0,-0.008495026858655177
2020-01-01 13:22:00,0,-0.008536484449888939
2020-01-01 13:23:00,0,-0.008572029606464207
2020-01-01 13:24:00,0,-0.008601728304278765
2020-01-01 13:25:00,0,-0.008625649163556315
2020-01-01 13:26:00,0,-0.008643863366912235
2020-01-01 13:27:00,0,-0.008656444577049704
2020-01-01 13:28:00,0,-0.00866346885414277
2020-01-01 13:29:00,0,-0.00866501457296226
2020-01-01 13:30:00,0,-0.008661162339799782
2020-01-01 13:31:00,0,-0.00865199490924434
2020-01-01 13:32:00,0,-0.008637597100865379
2020-01-01 13:33:00,0,-0.00861805571585536
2020-01-01 13:34:00,0,-0.008593459453684156
2020-01-01 13:35:00,0,-0.008563898828816769
2020-01-01 13:36:00,0,-0.00852946608754515
2020-01-01 13:37:00,0,-0.008490255124983939
2020-01-01 13:38:00,0,-0.008446361402279225
2020-01-01 13:39:00,0,-0.008397881864078499
2020-01-01 13:40:00,0,-0.008344914856309067
2020-01-01 13:41:00,0,-0.008287560044311403
2020-01-01 13:42:00,0,-0.008225918331372869
2020-01-01 13:43:00,0,-0.008160091777706428
2020-01-01 13:44:00,0,-0.008090183519917953
2020-01-01 13:45:00,0,-0.008016297691004825
2020-01-01 13:46:00,0,-0.007938539340927519
2020-01-01 13:47:00,0,-0.007857014357794956
2020-01-01 13:48:00,0,-0.007771829389703309
2020-01-01 13:49:00,0,-0.007683091767267096
2020-01-01 13:50:00,0,-0.007590909426880226
2020-01-01 13:51:00,0,-0.007495390834743808
2020-01-01 13:52:00,0,-0.007396644911696371
2020-01-01 13:53:00,0,-0.007294780958881213
2020-01-01 13:54:00,0,-0.007189908584284518
2020-01-01 13:55:00,0,-0.007082137630176839
2020-01-01 13:56:00,0,-0.006971578101489505
2020-01-01 13:57:00,0,-0.006858340095156474
2020-01-01 13:58:00,0,-0.006742533730451064
2020-01-01 13:59:00,0,-0.006624269080346005
2020-01-01 14:00:00,0,-0.006503656103924094
2020-01-01 14:01:00,0,-0.006380804579865793
2020-01-01 14:02:00,0,-0.006255824041038969
2020-01-01 14:03:00,0,-0.006128823710214932
2020-01-01 14:04:00,0,-0.0059999124369339105
2020-01-01 14:05:00,0,-0.005869198635541977
2020-01-01 14:06:00,0,-0.005736790224420439
2020-01-01 14:07:00,0,-0.005602794566427646
2020-01-01 14:08:00,0,-0.005467318410572078
2020-01-01 14:09:00,0,-0.005330467834934606
2020-01-01 14:10:00,0,-0.005192348190856675
2020-01-01 14:11:00,0,-0.00505306404841025
2020-01-01 14:12:00,0,-0.004912719143164209
2020-01-01 14:13:00,0,-0.004771416324260935
2020-01-01 14:14:00,0,-0.004629257503815801
2020-01-01 14:15:00,0,-0.004486343607651243
2020-01-01 14:16:00,0,-0.004342774527376097
2020-01-01 14:17:00,0,-0.004198649073819919
2020-01-01 14:18:00,0,-0.004054064931830981
2020-01-01 14:19:00,0,-0.003909118616445696
2020-01-01 14:20:00,0,-0.003763905430436226
2020-01-01 14:21:00,0,-0.003618519423242096
2020-01-01 14:22:00,0,-0.00347305335129069
2020-01-01 14:23:00,0,-0.0033275986397105503
2020-01-01 14:24:00,0,-0.0031822453454405063
2020-01-01 14:25:00,0,-0.0030370821217367244
2020-01-01 14:26:00,0,-0.0028921961840788946
2020-01-01 14:27:00,0,-0.002747673277475862
2020-01-01 14:28:00,0,-0.0026035976451701517
2020-01-01 14:29:00,0,-0.0024600519987399757
2020-01-01 14:30:00,0,-0.0023171174895964567
2020-01-01 14:31:00,0,-0.0021748736818729864
2020-01-01 14:32:00,0,-0.0020333985267027956
2020-01-01 14:33:00,0,-0.0018927683378800347
2020-01-01 14:34:00,0,-0.0017530577688988584
2020-01-01 14:35:00,0,-0.0016143397913642482
2020-01-01 14:36:00,0,-0.001476685674767534
2020-01-01 14:37:00,0,-0.0013401649676188466
2020-01-01 14:38:00,0,-0.0012048454799280027
2020-01-01 14:39:00,0,-0.0010707932670246138
2020-01-01 14:40:00,0,-0.0009380726147075158
2020-01-01 14:41:00,0,-0.0008067460257129408
2020-01-01 14:42:00,0,-0.0006768742074901937
2020-01-01 14:43:00,0,-0.0005485160612729457
2020-01-01 14:44:00,0,-0.0004217286724336371
2020-01-01 14:45:00,0,-0.0002965673021078723
2020-01-01 14:46:00,0,-0.00017308538007508795
2020-01-01 14:47:00,0,-5.1334498881213785e-05
2020-01-01 14:48:00,0,6.863559081152318e-05
2020-01-01 14:49:00,0,0.0001867769836630348
2020-01-01 14:50:00,0,0.00030304362189795655
2020-01-01 14:51:00,0,0.00041739129636879314
2020-01-01 14:52:00,0,0.0005297776464565265
2020-01-01 14:53:00,0,0.0006401621588260535
2020-01-01 14:54:00,0,0.0007485061650542774
2020-01-01 14:55:00,0,0.0008547728381491057
2020-01-01 14:56:00,0,0.0009589271879780282
2020-01-01 14:57:00,0,0.001060936055625343
2020-01-01 14:58:00,0,0.0011607681066974835
2020-01-01 14:59:00,0,0.001258393823596258
2020-01-01 15:00:00,0,0.0013537854967801606
2020-01-01 15:01:00,0,0.0014469172150342415
2020-01-01 15:02:00,0,0.001537764854769331
2020-01-01 15:03:00,0,0.001626306068371705
2020-01-01 15:04:00,0,0.001712520271624562
2020-01-01 15:05:00,0,0.0017963886302229232
2020-01-01 15:06:00,0,0.0018778940454038284
2020-01-01 15:07:00,0,0.0019570211387139025
2020-01-01 15:08:00,0,0.0020337562359365917
2020-01-01 15:09:00,0,0.0021080873502015494
2020-01-01 15:10:00,0,0.0021800041642988204
2020-01-01 15:11:00,0,0.0022494980122206394
2020-01-01 15:12:00,0,0.002316561859953787
2020-01-01 15:13:00,0,0.0023811902855455816
2020-01-01 15:14:00,0,0.002443379458466678
2020-01-01 15:15:00,0,0.0025031271182939553
2020-01-01 15:16:00,0,0.0025604325527368256
2020-01-01 15:17:00,0,0.002615296575030384
2020-01-01 15:18:00,0,0.0026677215007188315
2020-01-01 15:19:00,0,0.002717711123852673
2020-01-01 15:20:00,0,0.0027652706926231552
2020-01-01 15:21:00,0,0.0028104068844574683
2020-01-01 15:22:00,0,0.0028531277805981577
2020-01-01 15:23:00,0,0.0028934428401902134
2020-01-01 15:24:00,0,0.0029313628738992354
2020-01-01 15:25:00,0,0.0029669000170840193
2020-01-01 15:26:00,0,0.003000067702546837
2020-01-01 15:27:00,0,0.0030308806328846047
2020-01-01 15:28:00,0,0.00305935475246403
2020-01-01 15:29:00,0,0.0030855072190437254
2020-01-01 15:30:00,0,0.003109356375066133
2020-01-01 15:31:00,0,0.0031309217186419993
2020-01-01 15:32:00,0,0.003150223874249969
2020-01-01 15:33:00,0,0.0031672845631737175
2020-01-01 15:34:00,0,0.003182126573698856
2020-01-01 15:35:00,0,0.003194773731091693
2020-01-01 15:36:00,0,0.003205250867381703
2020-01-01 15:37:00,0,0.003213583790969382
2020-01-01 15:38:00,0,0.003219799256080933
2020-01-01 15:39:00,0,0.0032239249320910176
2020-01-01 15:40:00,0,0.0032259893727345544
2020-01-01 15:41:00,0,0.0032260219852283307
2020-01-01 15:42:00,0,0.0032240529993229103
2020-01-01 15:43:00,0,0.0032201134363050816
2020-01-01 15:44:00,0,0.0032142350779708036
2020-01-01 15:45:00,0,0.0032064504355883367
2020-01-01 15:46:00,0,0.003196792718870965
2020-01-01 15:47:00,0,0.0031852958049783955
2020-01-01 15:48:00,0,0.0031719942075656587
2020-01-01 15:49:00,0,0.0031569230458979823
2020-01-01 15:50:00,0,0.003140118014049828
2020-01-01 15:51:00,0,0.003121615350205934
2020-01-01 15:52:00,0,0.003101451806081894
2020-01-01 15:53:00,0,0.00307966461648146
2020-01-01 15:54:00,0,0.003056291469007417
2020-01-01 15:55:00,0,0.0030313704739425287
2020-01-01 15:56:00,0,0.003004940134316709
2020-01-01 15:57:00,0,0.002977039316176214
2020-01-01 15:58:00,0,0.0029477072190702866
2020-01-01 15:59:00,0,0.0029169833467703223
2020-01-01 16:00:00,0,0.002884907478236268
2020-01-01 16:01:00,0,0.0028515196388445596
2020-01-01 16:02:00,0,0.002816860071891585
2020-01-01 16:03:00,0,0.0027809692103862105
2020-01-01 16:04:00,0,0.0027438876491445996
2020-01-01 16:05:00,0,0.002705656117200103
2020-01-01 16:06:00,0,0.002666315450540662
2020-01-01 16:07:00,0,0.0026259065651857544
2020-01-01 16:08:00,0,0.002584470430614531
2020-01-01 16:09:00,0,0.0025420480435563867
2020-01-01 16:10:00,0,0.0024986804021548455
2020-01-01 16:11:00,0,0.00245440848051521
2020-01-01 16:12:00,0,0.002409273203646063
2020-01-01 16:13:00,0,0.0023633154228042937
2020-01-01 16:14:00,0,0.0023165758912529403
2020-01-01 16:15:00,0,0.0022690952404407325
2020-01-01 16:16:00,0,0.002220913956611838
2020-01-01 16:17:00,0,0.00217207235785392
2020-01-01 16:18:00,0,0.002122610571592205
2020-01-01 16:19:00,0,0.0020725685125368935
2020-01-01 16:20:00,0,0.00202198586109084
2020-01-01 16:21:00,0,0.00197090204222404
2020-01-01 16:22:00,0,0.001919356204821078
2020-01-01 16:23:00,0,0.0018673872015073163
2020-01-01 16:24:00,0,0.0018150335689591966
2020-01-01 16:25:00,0,0.0017623335087036712
2020-01-01 16:26:00,0,0.0017093248684113852
2020-01-01 16:27:00,0,0.0016560451236878673
2020-01-01 16:28:00,0,0.0016025313603666063
2020-01-01 16:29:00,0,0.0015488202573075269
2020-01-01 16:30:00,0,0.00149494806970401
2020-01-01 16:31:00,0,0.0014409506129012413
2020-01-01 16:32:00,0,0.001386863246728313
2020-01-01 16:33:00,0,0.0013327208603461456
2020-01-01 16:34:00,0,0.0012785578576129562
2020-01-01 16:35:00,0,0.001224408142968638
2020-01-01 16:36:00,0,0.0011703051078390868
2020-01-01 16:37:00,0,0.0011162816175611648
2020-01-01 16:38:00,0,0.0010623699988286605
2020-01-01 16:39:00,0,0.001008602027659277
2020-01-01 16:40:00,0,0.0009550089178823553
2020-01-01 16:41:00,0,0.000901621310146718
2020-01-01 16:42:00,0,0.000848469261447714
2020-01-01 16:43:00,0,0.000795582235172225
2020-01-01 16:44:00,0,0.0007429890916601017
2020-01-01 16:45:00,0,0.0006907180792801933
2020-01-01 16:46:00,0,0.0006387968260188451
2020-01-01 16:47:00,0,0.000587252331578453
2020-01-01 16:48:00,0,0.0005361109599833823
2020-01-01 16:49:00,0,0.00048539843269028226
2020-01-01 16:50:00,0,0.00043513982219956307
2020-01-01 16:51:00,0,0.00038535954616453444
2020-01-01 16:52:00,0,0.0003360813619944518
2020-01-01 16:53:00,0,0.00028732836194746473
2020-01-01 16:54:00,0,0.0002391229687092174
2020-01-01 16:55:00,0,0.000191486931452613
2020-01-01 16:56:00,0,0.00014444132237402316
2020-01-01 16:57:00,0,9.800653370099733e-05
2020-01-01 16:58:00,0,5.220227516630893e-05
2020-01-01 16:59:00,0,7.047571942961445e-06
2020-01-01 17:00:00,0,-3.7439236965426304e-05
2020-01-01 17:01:00,0,-8.124049988463797e-05
2020-01-01 17:02:00,0,-0.00012433925318625395
2020-01-01 17:03:00,0,-0.00016671922156658288
2020-01-01 17:04:00,0,-0.00020836481789447003
2020-01-01 17:05:00,0,-0.0002492611426344955
2020-01-01 17:06:00,0,-0.0002893939828522422
2020-01-01 17:07:00,0,-0.00032874981080847215
2020-01-01 17:08:00,0,-0.0003673157821492037
2020-01-01 17:09:00,0,-0.00040507973369882904
2020-01-01 17:10:00,0,-0.00044203018086355015
2020-01-01 17:11:00,0,-0.00047815631465254597
2020-01-01 17:12:00,0,-0.00051344799832441
2020-01-01 17:13:00,0,-0.000547895763666517
2020-01-01 17:14:00,0,-0.0005814908069150916
2020-01-01 17:15:00,0,-0.0006142249843238602
2020-01-01 17:16:00,0,-0.0006460908073892639
2020-01-01 17:17:00,0,-0.0006770814377403128
2020-01-01 17:18:00,0,-0.0007071906817012365
2020-01-01 17:19:00,0,-0.0007364129845351833
2020-01-01 17:20:00,0,-0.000764743424377281
2020-01-01 17:21:00,0,-0.0007921777058654516
2020-01-01 17:22:00,0,-0.000818712153477428
2020-01-01 17:23:00,0,-0.0008443437045824803
2020-01-01 17:24:00,0,-0.0008690699022164109
2020-01-01 17:25:00,0,-0.0008928888875884183
2020-01-01 17:26:00,0,-0.0009157993923284694
2020-01-01 17:27:00,0,-0.0009378007304838541
2020-01-01 17:28:00,0,-0.0009588927902736202
2020-01-01 17:29:00,0,-0.0009790760256096075
2020-01-01 17:30:00,0,-0.0009983514473928157
2020-01-01 17:31:00,0,-0.001016720614593852
2020-01-01 17:32:00,0,-0.0010341856251262008
2020-01-01 17:33:00,0,-0.0010507491065210684
2020-01-01 17:34:00,0,-0.0010664142064125345
2020-01-01 17:35:00,0,-0.0010811845828417404
2020-01-01 17:36:00,0,-0.0010950643943888226
2020-01-01 17:37:00,0,-0.0011080582901412746
2020-01-01 17:38:00,0,-0.001120171399507401
2020-01-01 17:39:00,0,-0.0011314093218834796
2020-01-01 17:40:00,0,-0.0011417781161832275
2020-01-01 17:41:00,0,-0.001151284290238113
2020-01-01 17:42:00,0,-0.0011599347900770082
2020-01-01 17:43:00,0,-0.0011677369890936357
2020-01-01 17:44:00,0,-0.00117469867711019
2020-01-01 17:45:00,0,-0.0011808280493454735
2020-01-01 17:46:00,0,-0.0011861336952958019
2020-01-01 17:47:00,0,-0.001190624587536883
2020-01-01 17:48:00,0,-0.0011943100704547875
2020-01-01 17:49:00,0,-0.0011971998489140566
2020-01-01 17:50:00,0,-0.0011993039768709163
2020-01-01 17:51:00,0,-0.0012006328459394735
2020-01-01 17:52:00,0,-0.0012011971739186917
2020-01-01 17:53:00,0,-0.0012010079932878407
2020-01-01 17:54:00,0,-0.0012000766396780317
2020-01-01 17:55:00,0,-0.0011984147403273436
2020-01-01 17:56:00,0,-0.0011960342025269417
2020-01-01 17:57:00,0,-0.0011929472020654973
2020-01-01 17:58:00,0,-0.0011891661716790952
2020-01-01 17:59:00,0,-0.0011847037895137147
2020-01-01 18:00:00,0,-0.0011795729676072533
2020-01-01 18:01:00,0,-0.0011737868403979474
2020-01-01 18:02:00,0,-0.001167358753265924
2020-01-01 18:03:00,0,-0.0011603022511144981
2020-01-01 18:04:00,0,-0.0011526310669977078
2020-01-01 18:05:00,0,-0.0011443591108004536
2020-01-01 18:06:00,0,-0.0011355004579774786
2020-01-01 18:07:00,0,-0.0011260693383573005
2020-01-01 18:08:00,0,-0.0011160801250170718
2020-01-01 18:09:00,0,-0.0011055473232342153
2020-01-01 18:10:00,0,-0.0010944855595205443
2020-01-01 18:11:00,0,-0.001082909570744439
2020-01-01 18:12:00,0,-0.0010708341933465212
2020-01-01 18:13:00,0,-0.001058274352654119
2020-01-01 18:14:00,0,-0.0010452450522996828
2020-01-01 18:15:00,0,-0.001031761363748168
2020-01-01 18:16:00,0,-0.0010178384159382579
2020-01-01 18:17:00,0,-0.0010034913850421557
2020-01-01 18:18:00,0,-0.000988735484348537
2020-01-01 18:19:00,0,-0.0009735859542731005
2020-01-01 18:20:00,0,-0.0009580580525010143
2020-01-01 18:21:00,0,-0.0009421670442654121
2020-01-01 18:22:00,0,-0.00092592819276594
2020-01-01 18:23:00,0,-0.0009093567497312143
2020-01-01 18:24:00,0,-0.0008924679461289015
2020-01-01 18:25:00,0,-0.0008752769830269861
2020-01-01 18:26:00,0,-0.0008577990226096414
2020-01-01 18:27:00,0,-0.0008400491793509786
2020-01-01 18:28:00,0,-0.0008220425113497946
2020-01-01 18:29:00,0,-0.0008037940118282996
2020-01-01 18:30:00,0,-0.0007853186007976542
2020-01-01 18:31:00,0,-0.0007666311168930042
2020-01-01 18:32:00,0,-0.0007477463093805549
2020-01-01 18:33:00,0,-0.000728678830339077
2020-01-01 18:34:00,0,-0.0007094432270181048
2020-01-01 18:35:00,0,-0.0006900539343749287
2020-01-01 18:36:00,0,-0.0006705252677923537
2020-01-01 18:37:00,0,-0.0006508714159790496
2020-01-01 18:38:00,0,-0.0006311064340541765
2020-01-01 18:39:00,0,-0.000611244236817833
2020-01-01 18:40:00,0,-0.0005912985922087355
2020-01-01 18:41:00,0,-0.0005712831149503986
2020-01-01 18:42:00,0,-0.00055121126038695
2020-01-01 18:43:00,0,-0.0005310963185095834
2020-01-01 18:44:00,0,-0.0005109514081745147
2020-01-01 18:45:00,0,-0.0004907894715131763
2020-01-01 18:46:00,0,-0.00047062326853525684
2020-01-01 18:47:00,0,-0.000450465371925061
2020-01-01 18:48:00,0,-0.0004303281620315412
2020-01-01 18:49:00,0,-0.0004102238220522233
2020-01-01 18:50:00,0,-0.00039016433341112827
2020-01-01 18:51:00,0,-0.0003701614713306684
2020-01-01 18:52:00,0,-0.0003502268005973779
2020-01-01 18:53:00,0,-0.0003303716715212161
2020-01-01 18:54:00,0,-0.00031060721608807074
2020-01-01 18:55:00,0,-0.0002909443443049692
2020-01-01 18:56:00,0,-0.0002713937407373978
2020-01-01 18:57:00,0,-0.00025196586123801443
2020-01-01 18:58:00,0,-0.00023267092986593727
2020-01-01 18:59:00,0,-0.0002135189359956806
2020-01-01 19:00:00,0,-0.00019451963161470895
2020-01-01 19:01:00,0,-0.00017568252880847761
2020-01-01 19:02:00,0,-0.00015701689743172778
2020-01-01 19:03:00,0,-0.00013853176296470853
2020-01-01 19:04:00,0,-0.00012023590455290142
2020-01-01 19:05:00,0,-0.00010213785322873254
2020-01-01 19:06:00,0,-8.424589031366499e-05
2020-01-01 19:07:00,0,-6.656804599897766e-05
2020-01-01 19:08:00,0,-4.9112098103450615e-05
2020-01-01 19:09:00,0,-3.1885571006093534e-05
2020-01-01 19:10:00,0,-1.4895734751973282e-05
2020-01-01 19:11:00,0,1.8503956708815553e-06
2020-01-01 19:12:00,0,1.83460608855981e-05
2020-01-01 19:13:00,0,3.458475751377022e-05
2020-01-01 19:14:00,0,5.05602383982066e-05
2020-01-01 19:15:00,0,6.626651266342749e-05
2020-01-01 19:16:00,0,8.16978456162884e-05
2020-01-01 19:17:00,0,9.684875848917254e-05
2020-01-01 19:18:00,0,0.00011171402802825496
2020-01-01 19:19:00,0,0.00012628868592940072
2020-01-01 19:20:00,0,0.00014056801812431513
2020-01-01 19:21:00,0,0.00015454756391961846
2020-01-01 19:22:00,0,0.0001682231149915688
2020-01-01 19:23:00,0,0.00018159071423920578
2020-01-01 19:24:00,0,0.00019464665449873438
2020-01-01 19:25:00,0,0.00020738747712201205
2020-01-01 19:26:00,0,0.00021980997042204465
2020-01-01 19:27:00,0,0.00023191116798843426
2020-01-01 19:28:00,0,0.00024368834687576175
2020-01-01 19:29:00,0,0.0002551390256679179
2020-01-01 19:30:00,0,0.00026626096242143187
2020-01-01 19:31:00,0,0.00027705215249087324
2020-01-01 19:32:00,0,0.0002875108262394334
2020-01-01 19:33:00,0,0.000297635446637815
2020-01-01 19:34:00,0,0.0003074247067545816
2020-01-01 19:35:00,0,0.00031687752714114163
2020-01-01 19:36:00,0,0.00032599305311455524
2020-01-01 19:37:00,0,0.0003347706519413728
2020-01-01 19:38:00,0,0.00034320990992572453
2020-01-01 19:39:00,0,0.00035131062940489227
2020-01-01 19:40:00,0,0.0003590728256556063
2020-01-01 19:41:00,0,0.0003664967237143134
2020-01-01 19:42:00,0,0.00037358275511467073
2020-01-01 19:43:00,0,0.000380331554545521
2020-01-01 19:44:00,0,0.0003867439564326063
2020-01-01 19:45:00,0,0.00039282099144727524
2020-01-01 19:46:00,0,0.0003985638829454381
2020-01-01 19:47:00,0,0.00040397404334001515
2020-01-01 19:48:00,0,0.0004090530704101196
2020-01-01 19:49:00,0,0.00041380274355020666
2020-01-01 19:50:00,0,0.00041822501996240834
2020-01-01 19:51:00,0,0.0004223220307952635
2020-01-01 19:52:00,0,0.00042609607723203294
2020-01-01 19:53:00,0,0.0004295496265317813
2020-01-01 19:54:00,0,0.00043268530802638015
2020-01-01 19:55:00,0,0.0004355059090765747
2020-01-01 19:56:00,0,0.0004380143709902304
2020-01-01 19:57:00,0,0.00044021378490585554
2020-01-01 19:58:00,0,0.0004421073876444693
2020-01-01 19:59:00,0,0.0004436985575328602
2020-01-01 20:00:00,0,0.0004449908102012514
2020-01-01 20:01:00,0,0.0004459877943583612
2020-01-01 20:02:00,0,0.0004466932875468153
2020-01-01 20:03:00,0,0.00044711119188183695
2020-01-01 20:04:00,0,0.00044724552977610653
2020-01-01 20:05:00,0,0.000447100439653649
2020-01-01 20:06:00,0,0.0004466801716555706
2020-01-01 20:07:00,0,0.0004459890833404312
2020-01-01 20:08:00,0,0.00044503163538199726
2020-01-01 20:09:00,0,0.0004438123872670848
2020-01-01 20:10:00,0,0.00044233599299615923
2020-01-01 20:11:00,0,0.00044060719678931697
2020-01-01 20:12:00,0,0.0004386308288002338
2020-01-01 20:13:00,0,0.00043641180084061945
2020-01-01 20:14:00,0,0.00043395510211767307
2020-01-01 20:15:00,0,0.00043126579498699194
2020-01-01 20:16:00,0,0.0004283490107233367
2020-01-01 20:17:00,0,0.00042520994531161036
2020-01-01 20:18:00,0,0.00042185385526036267
2020-01-01 20:19:00,0,0.0004182860534400788
2020-01-01 20:20:00,0,0.00041451190494846724
2020-01-01 20:21:00,0,0.000410536823004909
2020-01-01 20:22:00,0,0.00040636626487617993
2020-01-01 20:23:00,0,0.00040200572783550816
2020-01-01 20:24:00,0,0.00039746074515697815
2020-01-01 20:25:00,0,0.0003927368821472378
2020-01-01 20:26:00,0,0.00038783973221641647
2020-01-01 20:27:00,0,0.0003827749129901069
2020-01-01 20:28:00,0,0.00037754806246421
2020-01-01 20:29:00,0,0.00037216483520439243
2020-01-01 20:30:00,0,0.0003666308985918475
2020-01-01 20:31:00,0,0.0003609519291170002
2020-01-01 20:32:00,0,0.00035513360872274136
2020-01-01 20:33:00,0,0.00034918162119872186
2020-01-01 20:34:00,0,0.0003431016486281828
2020-01-01 20:35:00,0,0.00033689936788874436
2020-01-01 20:36:00,0,0.0003305804472085203
2020-01-01 20:37:00,0,0.00032415054277887007
2020-01-01 20:38:00,0,0.00031761529542504775
2020-01-01 20:39:00,0,0.0003109803273359487
2020-01-01 20:40:00,0,0.0003042512388541061
2020-01-01 20:41:00,0,0.00029743360532702824
2020-01-01 20:42:00,0,0.0002905329740209179
2020-01-01 20:43:00,0,0.0002835548610977598
2020-01-01 20:44:00,0,0.0002765047486567077
2020-01-01 20:45:00,0,0.0002693880818406477
2020-01-01 20:46:00,0,0.0002622102660087643
2020-01-01 20:47:00,0,0.00025497666397587907
2020-01-01 20:48:00,0,0.00024769259331928074
2020-01-01 20:49:00,0,0.00024036332375371218
2020-01-01 20:50:00,0,0.0002329940745751282
2020-01-01 20:51:00,0,0.00022559001217378573
2020-01-01 20:52:00,0,0.00021815624761717687
2020-01-01 20:53:00,0,0.00021069783430326442
2020-01-01 20:54:00,0,0.00020321976568442847
2020-01-01 20:55:00,0,0.00019572697306248371
2020-01-01 20:56:00,0,0.00018822432345507692
2020-01-01 20:57:00,0,0.00018071661753372515
2020-01-01 20:58:00,0,0.00017320858763370737
2020-01-01 20:59:00,0,0.00016570489583597433
2020-01-01 21:00:00,0,0.0001582101321211937
2020-01-01 21:01:00,0,0.00015072881259600224
2020-01-01 21:02:00,0,0.00014326537779149007
2020-01-01 21:03:00,0,0.00013582419103389657
2020-01-01 21:04:00,0,0.00012840953688745424
2020-01-01 21:05:00,0,0.00012102561966927188
2020-01-01 21:06:00,0,0.00011367656203610578
2020-01-01 21:07:00,0,0.0001063664036428254
2020-01-01 21:08:00,0,9.909909987233823e-05
2020-01-01 21:09:00,0,9.18785206366979e-05
2020-01-01 21:10:00,0,8.47084492490792e-05
2020-01-01 21:11:00,0,7.759258136626489e-05
2020-01-01 21:12:00,0,7.053452400125031e-05
2020-01-01 21:13:00,0,6.353779460553458e-05
2020-01-01 21:14:00,0,5.6605820220629864e-05
2020-01-01 21:15:00,0,4.9741936698284825e-05
2020-01-01 21:16:00,0,4.29493879888826e-05
2020-01-01 21:17:00,0,3.623132549743998e-05
2020-01-01 21:18:00,0,2.959080750660079e-05
2020-01-01 21:19:00,0,2.303079866598373e-05
2020-01-01 21:20:00,0,1.6554169547213953e-05
2020-01-01 21:21:00,0,1.0163696263936122e-05
2020-01-01 21:22:00,0,3.862060156077417e-06
2020-01-01 21:23:00,0,-2.3481524624002963e-06
2020-01-01 21:24:00,0,-8.464450493047863e-06
2020-01-01 21:25:00,0,-1.4484438180591726e-05
2020-01-01 21:26:00,0,-2.0405815179554445e-05
2020-01-01 21:27:00,0,-2.6226376560700335e-05
2020-01-01 21:28:00,0,-3.194401275819813e-05
2020-01-01 21:29:00,0,-3.7556709458415976e-05
2020-01-01 21:30:00,0,-4.306254743128686e-05
2020-01-01 21:31:00,0,-4.845970230520389e-05
2020-01-01 21:32:00,0,-5.3746444286426114e-05
2020-01-01 21:33:00,0,-5.892113782399454e-05
2020-01-01 21:34:00,0,-6.398224122117811e-05
2020-01-01 21:35:00,0,-6.892830619448615e-05
2020-01-01 21:36:00,0,-7.375797738130182e-05
2020-01-01 21:37:00,0,-7.846999179720674e-05
2020-01-01 21:38:00,0,-8.306317824408255e-05
2020-01-01 21:39:00,0,-8.753645667008916e-05
2020-01-01 21:40:00,0,-9.188883748263359e-05
2020-01-01 21:41:00,0,-9.611942081545485e-05
2020-01-01 21:42:00,0,-0.00010022739575096332
2020-01-01 21:43:00,0,-0.00010421203949898241
2020-01-01 21:44:00,0,-0.0001080727165330517
2020-01-01 21:45:00,0,-0.00011180887768545888
2020-01-01 21:46:00,0,-0.00011542005920217599
2020-01-01 21:47:00,0,-0.00011890588175888378
2020-01-01 21:48:00,0,-0.00012226604943927315
2020-01-01 21:49:00,0,-0.0001255003486768197
2020-01-01 21:50:00,0,-0.00012860864716123118
2020-01-01 21:51:00,0,-0.00013159089271077236
2020-01-01 21:52:00,0,-0.00013444711211167478
2020-01-01 21:53:00,0,-0.00013717740992584134
2020-01-01 21:54:00,0,-0.00013978196726805705
2020-01-01 21:55:00,0,-0.00014226104055391927
2020-01-01 21:56:00,0,-0.00014461496021969897
2020-01-01 21:57:00,0,-0.00014684412941534566
2020-01-01 21:58:00,0,-0.0001489490226718466
2020-01-01 21:59:00,0,-0.00015093018454414816
2020-01-01 22:00:00,0,-0.00015278822823084557
2020-01-01 22:01:00,0,-0.00015452383417184303
2020-01-01 22:02:00,0,-0.00015613774862518144
2020-01-01 22:03:00,0,-0.00015763078222422774
2020-01-01 22:04:00,0,-0.00015900380851641247
2020-01-01 22:05:00,0,-0.00016025776248469655
2020-01-01 22:06:00,0,-0.00016139363905294242
2020-01-01 22:07:00,0,-0.00016241249157635543
2020-01-01 22:08:00,0,-0.00016331543031815435
2020-01-01 22:09:00,0,-0.00016410362091362143
2020-01-01 22:10:00,0,-0.00016477828282267188
2020-01-01 22:11:00,0,-0.00016534068777207436
2020-01-01 22:12:00,0,-0.00016579215818844227
2020-01-01 22:13:00,0,-0.00016613406562310528
2020-01-01 22:14:00,0,-0.0001663678291699598
2020-01-01 22:15:00,0,-0.00016649491387738302
2020-01-01 22:16:00,0,-0.00016651682915528544
2020-01-01 22:17:00,0,-0.00016643512717836115
2020-01-01 22:18:00,0,-0.00016625140128658384
2020-01-01 22:19:00,0,-0.00016596728438398104
2020-01-01 22:20:00,0,-0.00016558444733670618
2020-01-01 22:21:00,0,-0.00016510459737141173
2020-01-01 22:22:00,0,-0.00016452947647491333
2020-01-01 22:23:00,0,-0.0001638608597961177
2020-01-01 22:24:00,0,-0.0001631005540511724
2020-01-01 22:25:00,0,-0.00016225039593277809
2020-01-01 22:26:00,0,-0.00016131225052458926
2020-01-01 22:27:00,0,-0.0001602880097216096
2020-01-01 22:28:00,0,-0.00015917959065747423
2020-01-01 22:29:00,0,-0.00015798893413949012
2020-01-01 22:30:00,0,-0.00015671800309229207
2020-01-01 22:31:00,0,-0.0001553687810109488
2020-01-01 22:32:00,0,-0.00015394327042434064
2020-01-01 22:33:00,0,-0.00015244349136960683
2020-01-01 22:34:00,0,-0.00015087147987844561
2020-01-01 22:35:00,0,-0.00014922928647602833
2020-01-01 22:36:00,0,-0.00014751897469327191
2020-01-01 22:37:00,0,-0.00014574261959319292
2020-01-01 22:38:00,0,-0.000143902306312048
2020-01-01 22:39:00,0,-0.0001420001286159455
2020-01-01 22:40:00,0,-0.0001400381874735933
2020-01-01 22:41:00,0,-0.00013801858964582742
2020-01-01 22:42:00,0,-0.00013594344629254762
2020-01-01 22:43:00,0,-0.0001338148715976637
2020-01-01 22:44:00,0,-0.00013163498141263816
2020-01-01 22:45:00,0,-0.00012940589191918938
2020-01-01 22:46:00,0,-0.0001271297183116998
2020-01-01 22:47:00,0,-0.0001248085734998528
2020-01-01 22:48:00,0,-0.00012244456683200208
2020-01-01 22:49:00,0,-0.00012003980283975681
2020-01-01 22:50:00,0,-0.00011759638000424506
2020-01-01 22:51:00,0,-0.00011511638954449855
2020-01-01 22:52:00,0,-0.00011260191422838047
2020-01-01 22:53:00,0,-0.00011005502720645896
2020-01-01 22:54:00,0,-0.00010747779086920707
2020-01-01 22:55:00,0,-0.00010487225572789174
2020-01-01 22:56:00,0,-0.00010224045931949273
2020-01-01 22:57:00,0,-9.958442513597312e-05
2020-01-01 22:58:00,0,-9.690616157820322e-05
2020-01-01 22:59:00,0,-9.420766093481942e-05
2020-01-01 23:00:00,0,-9.149089838628047e-05
2020-01-01 23:01:00,0,-8.875783103436355e-05
2020-01-01 23:02:00,0,-8.601039695732366e-05
2020-01-01 23:03:00,0,-8.325051429092023e-05
2020-01-01 23:04:00,0,-8.048008033549568e-05
2020-01-01 23:05:00,0,-7.770097068927225e-05
2020-01-01 23:06:00,0,-7.491503840801437e-05
2020-01-01 23:07:00,0,-7.212411319118493e-05
2020-01-01 23:08:00,0,-6.933000059470639e-05
2020-01-01 23:09:00,0,-6.653448127041841e-05
2020-01-01 23:10:00,0,-6.373931023230681e-05
2020-01-01 23:11:00,0,-6.094621614956001e-05
2020-01-01 23:12:00,0,-5.8156900666492386e-05
2020-01-01 23:13:00,0,-5.537303774935624e-05
2020-01-01 23:14:00,0,-5.259627306004725e-05
2020-01-01 23:15:00,0,-4.98282233566915e-05
2020-01-01 23:16:00,0,-4.707047592108583e-05
2020-01-01 23:17:00,0,-4.432458801294665e-05
2020-01-01 23:18:00,0,-4.1592086350906735e-05
2020-01-01 23:19:00,0,-3.887446662018385e-05
2020-01-01 23:20:00,0,-3.617319300682914e-05
2020-01-01 23:21:00,0,-3.3489697758448924e-05
2020-01-01 23:22:00,0,-3.0825380771277895e-05
2020-01-01 23:23:00,0,-2.8181609203467694e-05
2020-01-01 23:24:00,0,-2.555971711444045e-05
2020-01-01 23:25:00,0,-2.296100513014288e-05
2020-01-01 23:26:00,0,-2.038674013402296e-05
2020-01-01 23:27:00,0,-1.783815498353806e-05
2020-01-01 23:28:00,0,-1.5316448251990065e-05
2020-01-01 23:29:00,0,-1.2822783995470686e-05
2020-01-01 23:30:00,0,-1.0358291544687668e-05
2020-01-01 23:31:00,0,-7.924065321430564e-06
2020-01-01 23:32:00,0,-5.521164679423097e-06
2020-01-01 23:33:00,0,-3.1506137692977836e-06
2020-01-01 23:34:00,0,-8.134014274174113e-07
2020-01-01 23:35:00,0,1.489518911742673e-06
2020-01-01 23:36:00,0,3.7572292799479097e-06
2020-01-01 23:37:00,0,5.988847216599938e-06
2020-01-01 23:38:00,0,8.183525787490194e-06
2020-01-01 23:39:00,0,1.034045358123717e-05
2020-01-01 23:40:00,0,1.2458854683741767e-05
2020-01-01 23:41:00,0,1.4537988631003885e-05
2020-01-01 23:42:00,0,1.657715034065162e-05
2020-01-01 23:43:00,0,1.8575670022542586e-05
2020-01-01 23:44:00,0,2.053291306880423e-05
2020-01-01 23:45:00,0,2.2448279923687588e-05
2020-01-01 23:46:00,0,2.4321205933615727e-05
2020-01-01 23:47:00,0,2.6151161177814697e-05
2020-01-01 23:48:00,0,2.79376502799212e-05
2020-01-01 23:49:00,0,2.9680212200967024e-05
2020-01-01 23:50:00,0,3.137842001414596e-05
2020-01-01 23:51:00,0,3.303188066177403e-05
2020-01-01 23:52:00,0,3.4640234694859095e-05
2020-01-01 23:53:00,0,3.620315599570004e-05
2020-01-01 23:54:00,0,3.77203514839405e-05
2020-01-01 23:55:00,0,3.919156080650567e-05
2020-01-01 23:56:00,0,4.061655601185445e-05
2020-01-01 23:57:00,0,4.199514120898264e-05
2020-01-01 23:58:00,0,4.3327152211615606e-05
2020-01-01 23:59:00,0,4.4612456168031665e-05
2020-01-02 00:00:00,0,4.5850951176959804e-05
2020-01-02 00:01:00,0,4.704256588999713e-05
2020-01-02 00:02:00,0,4.81872591009937e-05
2020-01-02 00:03:00,0,4.928501932285307e-05
2020-01-02 00:04:00,0,5.03358643521988e-05
2020-01-02 00:05:00,0,5.133984082235727e-05
2020-01-02 00:06:00,0,5.229702374510835e-05
2020-01-02 00:07:00,0,5.320751604165519e-05
2020-01-02 00:08:00,0,5.40714480632646e-05
2020-01-02 00:09:00,0,5.488897710202936e-05
2020-01-02 00:10:00,0,5.566028689220261e-05
2020-01-02 00:11:00,0,5.638558710255442e-05
2020-01-02 00:12:00,0,5.706511282019891e-05
2020-01-02 00:13:00,0,5.769912402633893e-05
2020-01-02 00:14:00,0,5.828790506437415e-05
2020-01-02 00:15:00,0,5.883176410081602e-05
2020-01-02 00:16:00,0,5.9331032579451024e-05
2020-01-02 00:17:00,0,5.978606466919148e-05
2020-01-02 00:18:00,0,6.019723670605023e-05
2020-01-02 00:19:00,0,6.0564946629672935e-05
2020-01-02 00:20:00,0,6.088961341485857e-05
2020-01-02 00:21:00,0,6.117167649849519e-05
2020-01-02 00:22:00,0,6.14115952023349e-05
2020-01-02 00:23:00,0,6.160984815202782e-05
2020-01-02 00:24:00,0,6.176693269283138e-05
2020-01-02 00:25:00,0,6.188336430240659e-05
2020-01-02 00:26:00,0,6.195967600110913e-05
2020-01-02 00:27:00,0,6.199641776017821e-05
2020-01-02 00:28:00,0,6.199415590822173e-05
2020-01-02 00:29:00,0,6.195347253639115e-05
2020-01-02 00:30:00,0,6.18749649026345e-05
2020-01-02 00:31:00,0,6.175924483541102e-05
2020-01-02 00:32:00,0,6.160693813724526e-05
2020-01-02 00:33:00,0,6.141868398849265e-05
2020-01-02 00:34:00,0,6.119513435168383e-05
2020-01-02 00:35:00,0,6.093695337680811e-05
2020-01-02 00:36:00,0,6.064481680789137e-05
2020-01-02 00:37:00,0,6.031941139121677e-05
2020-01-02 00:38:00,0,5.996143428553147e-05
2020-01-02 00:39:00,0,5.9571592474575114e-05
2020-01-02 00:40:00,0,5.915060218226029e-05
2020-01-02 00:41:00,0,5.869918829082799e-05
2020-01-02 00:42:00,0,5.821808376229493e-05
2020-01-02 00:43:00,0,5.7708029063502355e-05
2020-01-02 00:44:00,0,5.716977159506961e-05
2020-01-02 00:45:00,0,5.660406512454839e-05
2020-01-02 00:46:00,0,5.601166922406671e-05
2020-01-02 00:47:00,0,5.539334871274484e-05
2020-01-02 00:48:00,0,5.4749873104157705e-05
2020-01-02 00:49:00,0,5.408201605911154e-05
2020-01-02 00:50:00,0,5.3390554843995214e-05
2020-01-02 00:51:00,0,5.267626979495886e-05
2020-01-02 00:52:00,0,5.193994378816595e-05
2020-01-02 00:53:00,0,5.118236171635649e-05
2020-01-02 00:54:00,0,5.040430997195238e-05
2020-01-02 00:55:00,0,4.960657593692803e-05
2020-01-02 00:56:00,0,4.878994747966206e-05
2020-01-02 00:57:00,0,4.79552124589781e-05
2020-01-02 00:58:00,0,4.710315823557545e-05
2020-01-02 00:59:00,0,4.623457119104255e-05
2020-01-02 01:00:00,0,4.535023625463876e-05
2020-01-02 01:01:00,0,4.4450936438022296e-05
2020-01-02 01:02:00,0,4.353745237809474e-05
2020-01-02 01:03:00,0,4.261056188812465e-05
2020-01-02 01:04:00,0,4.167103951730574e-05
2020-01-02 01:05:00,0,4.0719656118896973e-05
2020-01-02 01:06:00,0,3.975717842708481e-05
2020-01-02 01:07:00,0,3.878436864270038e-05
2020-01-02 01:08:00,0,3.780198402791636e-05
2020-01-02 01:09:00,0,3.681077651004174e-05
2020-01-02 01:10:00,0,3.581149229452429e-05
2020-01-02 01:11:00,0,3.4804871487264204e-05
2020-01-02 01:12:00,0,3.379164772633414e-05
2020-01-02 01:13:00,0,3.277254782319439e-05
2020-01-02 01:14:00,0,3.174829141348413e-05
2020-01-02 01:15:00,0,3.071959061746297e-05
2020-01-02 01:16:00,0,2.9687149710169675e-05
2020-01-02 01:17:00,0,2.8651664801357943e-05
2020-01-02 01:18:00,0,2.761382352526234e-05
2020-01-02 01:19:00,0,2.6574304740240394e-05
2020-01-02 01:20:00,0,2.5533778238330117e-05
2020-01-02 01:21:00,0,2.4492904464755582e-05
2020-01-02 01:22:00,0,2.3452334247406308e-05
2020-01-02 01:23:00,0,2.2412708536309897e-05
2020-01-02 01:24:00,0,2.1374658153110633e-05
2020-01-02 01:25:00,0,2.033880355056061e-05
2020-01-02 01:26:00,0,1.9305754582023353e-05
2020-01-02 01:27:00,0,1.8276110280983966e-05
2020-01-02 01:28:00,0,1.725045865055353e-05
2020-01-02 01:29:00,0,1.6229376462949586e-05
2020-01-02 01:30:00,0,1.5213429068928494e-05
2020-01-02 01:31:00,0,1.4203170217139763e-05
2020-01-02 01:32:00,0,1.3199141883366677e-05
2020-01-02 01:33:00,0,1.220187410961192e-05
2020-01-02 01:34:00,0,1.1211884852981514e-05
2020-01-02 01:35:00,0,1.022967984431486e-05
2020-01-02 01:36:00,0,9.255752456503486e-06
2020-01-02 01:37:00,0,8.29058358243599e-06
2020-01-02 01:38:00,0,7.334641522501506e-06
2020-01-02 01:39:00,0,6.388381881579199e-06
2020-01-02 01:40:00,0,5.452247475436478e-06
2020-01-02 01:41:00,0,4.526668246453872e-06
2020-01-02 01:42:00,0,3.612061188590003e-06
2020-01-02 01:43:00,0,2.70883028149565e-06
2020-01-02 01:44:00,0,1.8173664336815433e-06
2020-01-02 01:45:00,0,9.380474346403485e-07
2020-01-02 01:46:00,0,7.123791581924401e-08
2020-01-02 01:47:00,0,-7.827106796644842e-07
2020-01-02 01:48:00,0,-1.6234601186761989e-06
2020-01-02 01:49:00,0,-2.4506853912001045e-06
2020-01-02 01:50:00,0,-3.2640747150775184e-06
2020-01-02 01:51:00,0,-4.0633295324693135e-06
2020-01-02 01:52:00,0,-4.84816449816793e-06
2020-01-02 01:53:00,0,-5.618307459887573e-06
2020-01-02 01:54:00,0,-6.37349943066421e-06
2020-01-02 01:55:00,0,-7.113494553500001e-06
2020-01-02 01:56:00,0,-7.838060058389541e-06
2020-01-02 01:57:00,0,-8.546976211867977e-06
2020-01-02 01:58:00,0,-9.240036259223656e-06
2020-01-02 01:59:00,0,-9.91704635952034e-06
2020-01-02 02:00:00,0,-1.0577825513576363e-05
2020-01-02 02:01:00,0,-1.1222205485050239e-05
2020-01-02 02:02:00,0,-1.1850030714784327e-05
2020-01-02 02:03:00,0,-1.2461158228560054e-05
2020-01-02 02:04:00,0,-1.3055457538419996e-05
2020-01-02 02:05:00,0,-1.3632810537713798e-05
2020-01-02 02:06:00,0,-1.4193111390026505e-05
2020-01-02 02:07:00,0,-1.473626641214928e-05
2020-01-02 02:08:00,0,-1.5262193951253733e-05
2020-01-02 02:09:00,0,-1.577082425643244e-05
2020-01-02 02:10:00,0,-1.6262099344769168e-05
2020-01-02 02:11:00,0,-1.6735972862103314e-05
2020-01-02 02:12:00,0,-1.7192409938653936e-05
2020-01-02 02:13:00,0,-1.7631387039669473e-05
2020-01-02 02:14:00,0,-1.8052891811269813e-05
2020-01-02 02:15:00,0,-1.8456922921647978e-05
2020-01-02 02:16:00,0,-1.8843489897798962e-05
2020-01-02 02:17:00,0,-1.9212612957943576e-05
2020-01-02 02:18:00,0,-1.9564322839815425e-05
2020-01-02 02:19:00,0,-1.9898660624979022e-05
2020-01-02 02:20:00,0,-2.021567755934719e-05
2020-01-02 02:21:00,0,-2.0515434870065582e-05
2020-01-02 02:22:00,0,-2.07980035789321e-05
2020-01-02 02:23:00,0,-2.1063464312518424e-05
2020-01-02 02:24:00,0,-2.1311907109160613e-05
2020-01-02 02:25:00,0,-2.1543431222985116e-05
2020-01-02 02:26:00,0,-2.17581449251358e-05
2020-01-02 02:27:00,0,-2.1956165302367112e-05
2020-01-02 02:28:00,0,-2.2137618053167393e-05
2020-01-02 02:29:00,0,-2.2302637281575636e-05
2020-01-02 02:30:00,0,-2.2451365288853953e-05
2020-01-02 02:31:00,0,-2.2583952363176836e-05
2020-01-02 02:32:00,0,-2.270055656749721e-05
2020-01-02 02:33:00,0,-2.2801343525748115e-05
2020-01-02 02:34:00,0,-2.2886486207537194e-05
2020-01-02 02:35:00,0,-2.2956164711490237e-05
2020-01-02 02:36:00,0,-2.3010566047398087e-05
2020-01-02 02:37:00,0,-2.3049883917319963e-05
2020-01-02 02:38:00,0,-2.3074318495794506e-05
2020-01-02 02:39:00,0,-2.3084076209308122e-05
2020-01-02 02:40:00,0,-2.307936951516854e-05
2020-01-02 02:41:00,0,-2.3060416679929546e-05
2020-01-02 02:42:00,0,-2.3027441557511083e-05
2020-01-02 02:43:00,0,-2.2980673367156793e-05
2020-01-02 02:44:00,0,-2.292034647136927e-05
2020-01-02 02:45:00,0,-2.284670015396101e-05
2020-01-02 02:46:00,0,-2.2759978398357073e-05
2020-01-02 02:47:00,0,-2.2660429666283147e-05
2020-01-02 02:48:00,0,-2.2548306676970695e-05
2020-01-02 02:49:00,0,-2.2423866187008287e-05
2020-01-02 02:50:00,0,-2.2287368770966155e-05
2020-01-02 02:51:00,0,-2.213907860291856e-05
2020-01-02 02:52:00,0,-2.1979263238986016e-05
2020-01-02 02:53:00,0,-2.1808193401017185e-05
2020-01-02 02:54:00,0,-2.162614276152758e-05
2020-01-02 02:55:00,0,-2.1433387730009872e-05
2020-01-02 02:56:00,0,-2.1230207240727764e-05
2020-01-02 02:57:00,0,-2.1016882542103203e-05
2020-01-02 02:58:00,0,-2.0793696987803602e-05
2020-01-02 02:59:00,0,-2.0560935829633553e-05
2020-01-02 03:00:00,0,-2.031888601233257e-05
2020-01-02 03:01:00,0,-2.0067835970377685e-05
2020-01-02 03:02:00,0,-1.9808075426887254e-05
2020-01-02 03:03:00,0,-1.9539895194719287e-05
2020-01-02 03:04:00,0,-1.926358697985513e-05
2020-01-02 03:05:00,0,-1.897944318715629e-05
2020-01-02 03:06:00,0,-1.8687756728579724e-05
2020-01-02 03:07:00,0,-1.8388820833933834e-05
2020-01-02 03:08:00,0,-1.8082928864254807e-05
2020-01-02 03:09:00,0,-1.7770374127879963e-05
2020-01-02 03:10:00,0,-1.7451449699292178e-05
2020-01-02 03:11:00,0,-1.7126448240806348e-05
2020-01-02 03:12:00,0,-1.6795661827166324e-05
2020-01-02 03:13:00,0,-1.64593817731177e-05
2020-01-02 03:14:00,0,-1.611789846401914e-05
2020-01-02 03:15:00,0,-1.5771501189552088e-05
2020-01-02 03:16:00,0,-1.5420477980585865e-05
2020-01-02 03:17:00,0,-1.5065115449252355e-05
2020-01-02 03:18:00,0,-1.4705698632281752e-05
2020-01-02 03:19:00,0,-1.4342510837647928e-05
2020-01-02 03:20:00,0,-1.3975833494569332e-05
2020-01-02 03:21:00,0,-1.3605946006908472e-05
2020-01-02 03:22:00,0,-1.3233125610010329e-05
2020-01-02 03:23:00,0,-1.2857647231017307e-05
2020-01-02 03:24:00,0,-1.2479783352695614e-05
2020-01-02 03:25:00,0,-1.2099803880805271e-05
2020-01-02 03:26:00,0,-1.1717976015043213e-05
2020-01-02 03:27:00,0,-1.133456412358642e-05
2020-01-02 03:28:00,0,-1.0949829621259228e-05
2020-01-02 03:29:00,0,-1.0564030851346493e-05
2020-01-02 03:30:00,0,-1.0177422971071597e-05
2020-01-02 03:31:00,0,-9.790257840755785e-06
2020-01-02 03:32:00,0,-9.402783916672802e-06
2020-01-02 03:33:00,0,-9.015246147610262e-06
2020-01-02 03:34:00,0,-8.627885875146692e-06
2020-01-02 03:35:00,0,-8.240940737650855e-06
2020-01-02 03:36:00,0,-7.854644578007438e-06
2020-01-02 03:37:00,0,-7.46922735507087e-06
2020-01-02 03:38:00,0,-7.084915058846725e-06
2020-01-02 03:39:00,0,-6.701929629397766e-06
2020-01-02 03:40:00,0,-6.320488879469536e-06
2020-01-02 03:41:00,0,-5.940806420828093e-06
2020-01-02 03:42:00,0,-5.56309159430031e-06
2020-01-02 03:43:00,0,-5.187549403505014e-06
2020-01-02 03:44:00,0,-4.814380452261136e-06
2020-01-02 03:45:00,0,-4.443780885656933e-06
2020-01-02 03:46:00,0,-4.075942334762355e-06
2020-01-02 03:47:00,0,-3.711051864964582e-06
2020-01-02 03:48:00,0,-3.3492919279048674e-06
2020-01-02 03:49:00,0,-2.990840316992867e-06
2020-01-02 03:50:00,0,-2.6358701264727883e-06
2020-01-02 03:51:00,0,-2.284549714013879e-06
2020-01-02 03:52:00,0,-1.9370426667959817e-06
2020-01-02 03:53:00,0,-1.5935077710591604e-06
2020-01-02 03:54:00,0,-1.2540989850847156e-06
2020-01-02 03:55:00,0,-9.189654155732607e-07
2020-01-02 03:56:00,0,-5.882512973839301e-07
2020-01-02 03:57:00,0,-2.620959765972582e-07
2020-01-02 03:58:00,0,5.936610313725742e-08
2020-01-02 03:59:00,0,3.7600541100933893e-07
2020-01-02 04:00:00,0,6.876973362537013e-07
2020-01-02 04:01:00,0,9.94322192196624e-07
2020-01-02 04:02:00,0,1.295765217187847e-06
2020-01-02 04:03:00,0,1.5919165724635804e-06
2020-01-02 04:04:00,0,1.8826713369876497e-06
2020-01-02 04:05:00,0,2.1679294993189587e-06
2020-01-02 04:06:00,0,2.4475959465545935e-06
2020-01-02 04:07:00,0,2.721580450398959e-06
2020-01-02 04:08:00,0,2.989797650410383e-06
2020-01-02 04:09:00,0,3.2521670344775983e-06
2020-01-02 04:10:00,0,3.5086129165794523e-06
2020-01-02 04:11:00,0,3.759064411882094e-06
2020-01-02 04:12:00,0,4.0034554092287194e-06
2020-01-02 04:13:00,0,4.241724541077768e-06
2020-01-02 04:14:00,0,4.4738151509461895e-06
2020-01-02 04:15:00,0,4.699675258415145e-06
2020-01-02 04:16:00,0,4.9192575217561125e-06
2020-01-02 04:17:00,0,5.132519198236029e-06
2020-01-02 04:18:00,0,5.339422102160638e-06
2020-01-02 04:19:00,0,5.539932560715741e-06
2020-01-02 04:20:00,0,0.0
2020-01-02 04:21:00,0,0.0
2020-01-02 04:22:00,0,0.0
2020-01-02 04:23:00,0,0.0
2020-01-02 04:24:00,0,0.0
2020-01-02 04:25:00,0,0.0
2020-01-02 04:26:00,0,0.0
2020-01-02 04:27:00,0,0.0
2020-01-02 04:28:00,0,0.0
2020-01-02 04:29:00,0,0.0
2020-01-02 04:30:00,0,0.0
2020-01-02 04:31:00,0,0.0
2020-01-02 04:32:00,0,0.0
2020-01-02 04:33:00,0,0.0
2020-01-02 04:34:00,0,0.0
2020-01-02 04:35:00,0,0.0
2020-01-02 04:36:00,0,0.0
2020-01-02 04:37:00,0,0.0
2020-01-02 04:38:00,0,0.0
2020-01-02 04:39:00,0,0.0
2020-01-02 04:40:00,0,0.0
2020-01-02 04:41:00,0,0.0
2020-01-02 04:42:00,0,0.0
2020-01-02 04:43:00,0,0.0
2020-01-02 04:44:00,0,0.0
2020-01-02 04:45:00,0,0.0
2020-01-02 04:46:00,0,0.0
2020-01-02 04:47:00,0,0.0
2020-01-02 04:48:00,0,0.0
2020-01-02 04:49:00,0,0.0
2020-01-02 04:50:00,0,0.0
2020-01-02 04:51:00,0,0.0
2020-01-02 04:52:00,0,0.0
2020-01-02 04:53:00,0,0.0
2020-01-02 04:54:00,0,0.0
2020-01-02 04:55:00,0,0.0
2020-01-02 04:56:00,0,0.0
2020-01-02 04:57:00,0,0.0
2020-01-02 04:58:00,0,0.0
2020-01-02 04:59:00,0,0.0
2020-01-02 05:00:00,0,0.0
2020-01-02 05:01:00,0,0.0
2020-01-02 05:02:00,0,0.0
2020-01-02 05:03:00,0,0.0
2020-01-02 05:04:00,0,0.0
2020-01-02 05:05:00,0,0.0
2020-01-02 05:06:00,0,0.0
2020-01-02 05:07:00,0,0.0
2020-01-02 05:08:00,0,0.0
2020-01-02 05:09:00,0,0.0
2020-01-02 05:10:00,0,0.0
2020-01-02 05:11:00,0,0.0
2020-01-02 05:12:00,0,0.0
2020-01-02 05:13:00,0,0.0
2020-01-02 05:14:00,0,0.0
2020-01-02 05:15:00,0,0.0
2020-01-02 05:16:00,0,0.0
2020-01-02 05:17:00,0,0.0
2020-01-02 05:18:00,0,0.0
2020-01-02 05:19:00,0,0.0
2020-01-02 05:20:00,0,0.0
2020-01-02 05:21:00,0,0.0
2020-01-02 05:22:00,0,0.0
2020-01-02 05:23:00,0,0.0
2020-01-02 05:24:00,0,0.0
2020-01-02 05:25:00,0,0.0
2020-01-02 05:26:00,0,0.0
2020-01-02 05:27:00,0,0.0
2020-01-02 05:28:00,0,0.0
2020-01-02 05:29:00,0,0.0
2020-01-02 05:30:00,0,0.0
2020-01-02 05:31:00,0,0.0
2020-01-02 05:32:00,0,0.0
2020-01-02 05:33:00,0,0.0
2020-01-02 05:34:00,0,0.0
2020-01-02 05:35:00,0,0.0
2020-01-02 05:36:00,0,0.0
2020-01-02 05:37:00,0,0.0
2020-01-02 05:38:00,0,0.0
2020-01-02 05:39:00,0,0.0
2020-01-02 05:40:00,0,0.0
2020-01-02 05:41:00,0,0.0
2020-01-02 05:42:00,0,0.0
2020-01-02 05:43:00,0,0.0
2020-01-02 05:44:00,0,0.0
2020-01-02 05:45:00,0,0.0
2020-01-02 05:46:00,0,0.0
2020-01-02 05:47:00,0,0.0
2020-01-02 05:48:00,0,0.0
2020-01-02 05:49:00,0,0.0
2020-01-02 05:50:00,0,0.0
2020-01-02 05:51:00,0,0.0
2020-01-02 05:52:00,0,0.0
2020-01-02 05:53:00,0,0.0
2020-01-02 05:54:00,0,0.0
2020-01-02 05:55:00,0,0.0
2020-01-02 05:56:00,0,0.0
2020-01-02 05:57:00,0,0.0
2020-01-02 05:58:00,0,0.0
2020-01-02 05:59:00,0,0.0
2020-01-02 06:00:00,0,0.0
2020-01-02 06:01:00,0,0.0
2020-01-02 06:02:00,0,0.0
2020-01-02 06:03:00,0,0.0
2020-01-02 06:04:00,0,0.0
2020-01-02 06:05:00,0,0.0
2020-01-02 06:06:00,0,0.0
2020-01-02 06:07:00,0,0.0
2020-01-02 06:08:00,0,0.0
2020-01-02 06:09:00,0,0.0
2020-01-02 06:10:00,0,0.0
2020-01-02 06:11:00,0,0.0
2020-01-02 06:12:00,0,0.0
2020-01-02 06:13:00,0,0.0
2020-01-02 06:14:00,0,0.0
2020-01-02 06:15:00,0,0.0
2020-01-02 06:16:00,0,0.0
2020-01-02 06:17:00,0,0.0
2020-01-02 06:18:00,0,0.0
2020-01-02 06:19:00,0,0.0
2020-01-02 06:20:00,0,0.0
2020-01-02 06:21:00,0,0.0
2020-01-02 06:22:00,0,0.0
2020-01-02 06:23:00,0,0.0
2020-01-02 06:24:00,0,0.0
2020-01-02 06:25:00,0,0.0
2020-01-02 06:26:00,0,0.0
2020-01-02 06:27:00,0,0.0
2020-01-02 06:28:00,0,0.0
2020-01-02 06:29:00,0,0.0
2020-01-02 06:30:00,0,0.0
2020-01-02 06:31:00,0,0.0
2020-01-02 06:32:00,0,0.0
2020-01-02 06:33:00,0,0.0
2020-01-02 06:34:00,0,0.0
2020-01-02 06:35:00,0,0.0
2020-01-02 06:36:00,0,0.0
2020-01-02 06:37:00,0,0.0
2020-01-02 06:38:00,0,0.0
2020-01-02 06:39:00,0,0.0
2020-01-02 06:40:00,0,0.0
2020-01-02 06:41:00,0,0.0
2020-01-02 06:42:00,0,0.0
2020-01-02 06:43:00,0,0.0
2020-01-02 06:44:00,0,0.0
2020-01-02 06:45:00,0,0.0
2020-01-02 06:46:00,0,0.0
2020-01-02 06:47:00,0,0.0
2020-01-02 06:48:00,0,0.0
2020-01-02 06:49:00,0,0.0
2020-01-02 06:50:00,0,0.0
2020-01-02 06:51:00,0,0.0
2020-01-02 06:52:00,0,0.0
2020-01-02 06:53:00,0,0.0
2020-01-02 06:54:00,0,0.0
2020-01-02 06:55:00,0,0.0
2020-01-02 06:56:00,0,0.0
2020-01-02 06:57:00,0,0.0
2020-01-02 06:58:00,0,0.0
2020-01-02 06:59:00,0,0.0
2020-01-02 07:00:00,0,0.0
2020-01-02 07:01:00,0,0.0
2020-01-02 07:02:00,0,0.0
2020-01-02 07:03:00,0,0.0
2020-01-02 07:04:00,0,0.0
2020-01-02 07:05:00,0,0.0
2020-01-02 07:06:00,0,0.0
2020-01-02 07:07:00,0,0.0
2020-01-02 07:08:00,0,0.0
2020-01-02 07:09:00,0,0.0
2020-01-02 07:10:00,0,0.0
2020-01-02 07:11:00,0,0.0
2020-01-02 07:12:00,0,0.0
2020-01-02 07:13:00,0,0.0
2020-01-02 07:14:00,0,0.0
2020-01-02 07:15:00,0,0.0
2020-01-02 07:16:00,0,0.0
2020-01-02 07:17:00,0,0.0
2020-01-02 07:18:00,0,0.0
2020-01-02 07:19:00,0,0.0
2020-01-02 07:20:00,0,0.0
2020-01-02 07:21:00,0,0.0
2020-01-02 07:22:00,0,0.0
2020-01-02 07:23:00,0,0.0
2020-01-02 07:24:00,0,0.0
2020-01-02 07:25:00,0,0.0
2020-01-02 07:26:00,0,0.0
2020-01-02 07:27:00,0,0.0
2020-01-02 07:28:00,0,0.0
2020-01-02 07:29:00,0,0.0
2020-01-02 07:30:00,0,0.0
2020-01-02 07:31:00,0,0.0
2020-01-02 07:32:00,0,0.0
2020-01-02 07:33:00,0,0.0
2020-01-02 07:34:00,0,0.0
2020-01-02 07:35:00,0,0.0
2020-01-02 07:36:00,0,0.0
2020-01-02 07:37:00,0,0.0
2020-01-02 07:38:00,0,0.0
2020-01-02 07:39:00,0,0.0
2020-01-02 07:40:00,0,0.0
2020-01-02 07:41:00,0,0.0
2020-01-02 07:42:00,0,0.0
2020-01-02 07:43:00,0,0.0
2020-01-02 07:44:00,0,0.0
2020-01-02 07:45:00,0,0.0
2020-01-02 07:46:00,0,0.0
2020-01-02 07:47:00,0,0.0
2020-01-02 07:48:00,0,0.0
2020-01-02 07:49:00,0,0.0
2020-01-02 07:50:00,0,0.0
2020-01-02 07:51:00,0,0.0
2020-01-02 07:52:00,0,0.0
2020-01-02 07:53:00,0,0.0
2020-01-02 07:54:00,0,0.0
2020-01-02 07:55:00,0,0.0
2020-01-02 07:56:00,0,0.0
2020-01-02 07:57:00,0,0.0
2020-01-02 07:58:00,0,0.0
2020-01-02 07:59:00,0,0.0
2020-01-02 08:00:00,0,0.0
2020-01-02 08:01:00,0,0.0
2020-01-02 08:02:00,0,0.0
2020-01-02 08:03:00,0,0.0
2020-01-02 08:04:00,0,0.0
2020-01-02 08:05:00,0,0.0
2020-01-02 08:06:00,0,0.0
2020-01-02 08:07:00,0,0.0
2020-01-02 08:08:00,0,0.0
2020-01-02 08:09:00,0,0.0
2020-01-02 08:10:00,0,0.0
2020-01-02 08:11:00,0,0.0
2020-01-02 08:12:00,0,0.0
2020-01-02 08:13:00,0,0.0
2020-01-02 08:14:00,0,0.0
2020-01-02 08:15:00,0,0.0
2020-01-02 08:16:00,0,0.0
2020-01-02 08:17:00,0,0.0
2020-01-02 08:18:00,0,0.0
2020-01-02 08:19:00,0,0.0
2020-01-02 08:20:00,0,0.0
2020-01-02 08:21:00,0,0.0
2020-01-02 08:22:00,0,0.0
2020-01-02 08:23:00,0,0.0
2020-01-02 08:24:00,0,0.0
2020-01-02 08:25:00,0,0.0
2020-01-02 08:26:00,0,0.0
2020-01-02 08:27:00,0,0.0
2020-01-02 08:28:00,0,0.0
2020-01-02 08:29:00,0,0.0
2020-01-02 08:30:00,0,0.0
2020-01-02 08:31:00,0,0.0
2020-01-02 08:32:00,0,0.0
2020-01-02 08:33:00,0,0.0
2020-01-02 08:34:00,0,0.0
2020-01-02 08:35:00,0,0.0
2020-01-02 08:36:00,0,0.0
2020-01-02 08:37:00,0,0.0
2020-01-02 08:38:00,0,0.0
2020-01-02 08:39:00,0,0.0
2020-01-02 08:40:00,0,0.0
2020-01-02 08:41:00,0,0.0
2020-01-02 08:42:00,0,0.0
2020-01-02 08:43:00,0,0.0
2020-01-02 08:44:00,0,0.0
2020-01-02 08:45:00,0,0.0
2020-01-02 08:46:00,0,0.0
2020-01-02 08:47:00,0,0.0
2020-01-02 08:48:00,0,0.0
2020-01-02 08:49:00,0,0.0
2020-01-02 08:50:00,0,0.0
2020-01-02 08:51:00,0,0.0
2020-01-02 08:52:00,0,0.0
2020-01-02 08:53:00,0,0.0
2020-01-02 08:54:00,0,0.0
2020-01-02 08:55:00,0,0.0
2020-01-02 08:56:00,0,0.0
2020-01-02 08:57:00,0,0.0
2020-01-02 08:58:00,0,0.0
2020-01-02 08:59:00,0,0.0
2020-01-02 09:00:00,0,0.0
2020-01-02 09:01:00,0,0.0
2020-01-02 09:02:00,0,0.0
2020-01-02 09:03:00,0,0.0
2020-01-02 09:04:00,0,0.0
2020-01-02 09:05:00,0,0.0
2020-01-02 09:06:00,0,0.0
2020-01-02 09:07:00,0,0.0
2020-01-02 09:08:00,0,0.0
2020-01-02 09:09:00,0,0.0
2020-01-02 09:10:00,0,0.0
2020-01-02 09:11:00,0,0.0
2020-01-02 09:12:00,0,0.0
2020-01-02 09:13:00,0,0.0
2020-01-02 09:14:00,0,0.0
2020-01-02 09:15:00,0,0.0
2020-01-02 09:16:00,0,0.0
2020-01-02 09:17:00,0,0.0
2020-01-02 09:18:00,0,0.0
2020-01-02 09:19:00,0,0.0
2020-01-02 09:20:00,0,0.0
2020-01-02 09:21:00,0,0.0
2020-01-02 09:22:00,0,0.0
2020-01-02 09:23:00,0,0.0
2020-01-02 09:24:00,0,0.0
2020-01-02 09:25:00,0,0.0
2020-01-02 09:26:00,0,0.0
2020-01-02 09:27:00,0,0.0
2020-01-02 09:28:00,0,0.0
2020-01-02 09:29:00,0,0.0
2020-01-02 09:30:00,0,0.0
2020-01-02 09:31:00,0,0.0
2020-01-02 09:32:00,0,0.0
2020-01-02 09:33:00,0,0.0
2020-01-02 09:34:00,0,0.0
2020-01-02 09:35:00,0,0.0
2020-01-02 09:36:00,0,0.0
2020-01-02 09:37:00,0,0.0
2020-01-02 09:38:00,0,0.0
2020-01-02 09:39:00,0,0.0
2020-01-02 09:40:00,0,0.0
2020-01-02 09:41:00,0,0.0
2020-01-02 09:42:00,0,0.0
2020-01-02 09:43:00,0,0.0
2020-01-02 09:44:00,0,0.0
2020-01-02 09:45:00,0,0.0
2020-01-02 09:46:00,0,0.0
2020-01-02 09:47:00,0,0.0
2020-01-02 09:48:00,0,0.0
2020-01-02 09:49:00,0,0.0
2020-01-02 09:50:00,0,0.0
2020-01-02 09:51:00,0,0.0
2020-01-02 09:52:00,0,0.0
2020-01-02 09:53:00,0,0.0
2020-01-02 09:54:00,0,0.0
2020-01-02 09:55:00,0,0.0
2020-01-02 09:56:00,0,0.0
2020-01-02 09:57:00,0,0.0
2020-01-02 09:58:00,0,0.0
2020-01-02 09:59:00,0,0.0
2020-01-02 10:00:00,0,0.0
2020-01-02 10:01:00,0,0.0
2020-01-02 10:02:00,0,0.0
2020-01-02 10:03:00,0,0.0
2020-01-02 10:04:00,0,0.0
2020-01-02 10:05:00,0,0.0
2020-01-02 10:06:00,0,0.0
2020-01-02 10:07:00,0,0.0
2020-01-02 10:08:00,0,0.0
2020-01-02 10:09:00,0,0.0
2020-01-02 10:10:00,0,0.0
2020-01-02 10:11:00,0,0.0
2020-01-02 10:12:00,0,0.0
2020-01-02 10:13:00,0,0.0
2020-01-02 10:14:00,0,0.0
2020-01-02 10:15:00,0,0.0
2020-01-02 10:16:00,0,0.0
2020-01-02 10:17:00,0,0.0
2020-01-02 10:18:00,0,0.0
2020-01-02 10:19:00,0,0.0
2020-01-02 10:20:00,0,0.0
2020-01-02 10:21:00,0,0.0
2020-01-02 10:22:00,0,0.0
2020-01-02 10:23:00,0,0.0
2020-01-02 10:24:00,0,0.0
2020-01-02 10:25:00,0,0.0
2020-01-02 10:26:00,0,0.0
2020-01-02 10:27:00,0,0.0
2020-01-02 10:28:00,0,0.0
2020-01-02 10:29:00,0,0.0
2020-01-02 10:30:00,0,0.0
2020-01-02 10:31:00,0,0.0
2020-01-02 10:32:00,0,0.0
2020-01-02 10:33:00,0,0.0
2020-01-02 10:34:00,0,0.0
2020-01-02 10:35:00,0,0.0
2020-01-02 10:36:00,0,0.0
2020-01-02 10:37:00,0,0.0
2020-01-02 10:38:00,0,0.0
2020-01-02 10:39:00,0,0.0
2020-01-02 10:40:00,0,0.0
2020-01-02 10:41:00,0,0.0
2020-01-02 10:42:00,0,0.0
2020-01-02 10:43:00,0,0.0
2020-01-02 10:44:00,0,0.0
2020-01-02 10:45:00,0,0.0
2020-01-02 10:46:00,0,0.0
2020-01-02 10:47:00,0,0.0
2020-01-02 10:48:00,0,0.0
2020-01-02 10:49:00,0,0.0
2020-01-02 10:50:00,0,0.0
2020-01-02 10:51:00,0,0.0
2020-01-02 10:52:00,0,0.0
2020-01-02 10:53:00,0,0.0
2020-01-02 10:54:00,0,0.0
2020-01-02 10:55:00,0,0.0
2020-01-02 10:56:00,0,0.0
2020-01-02 10:57:00,0,0.0
2020-01-02 10:58:00,0,0.0
2020-01-02 10:59:00,0,0.0
2020-01-02 11:00:00,0,0.0
2020-01-02 11:01:00,0,0.0
2020-01-02 11:02:00,0,0.0
2020-01-02 11:03:00,0,0.0
2020-01-02 11:04:00,0,0.0
2020-01-02 11:05:00,0,0.0
2020-01-02 11:06:00,0,0.0
2020-01-02 11:07:00,0,0.0
2020-01-02 11:08:00,0,0.0
2020-01-02 11:09:00,0,0.0
2020-01-02 11:10:00,0,0.0
2020-01-02 11:11:00,0,0.0
2020-01-02 11:12:00,0,0.0
2020-01-02 11:13:00,0,0.0
2020-01-02 11:14:00,0,0.0
2020-01-02 11:15:00,0,0.0
2020-01-02 11:16:00,0,0.0
2020-01-02 11:17:00,0,0.0
2020-01-02 11:18:00,0,0.0
2020-01-02 11:19:00,0,0.0
2020-01-02 11:20:00,0,0.0
2020-01-02 11:21:00,0,0.0
2020-01-02 11:22:00,0,0.0
2020-01-02 11:23:00,0,0.0
2020-01-02 11:24:00,0,0.0
2020-01-02 11:25:00,0,0.0
2020-01-02 11:26:00,0,0.0
2020-01-02 11:27:00,0,0.0
2020-01-02 11:28:00,0,0.0
2020-01-02 11:29:00,0,0.0
2020-01-02 11:30:00,0,0.0
2020-01-02 11:31:00,0,0.0
2020-01-02 11:32:00,0,0.0
2020-01-02 11:33:00,0,0.0
2020-01-02 11:34:00,0,0.0
2020-01-02 11:35:00,0,0.0
2020-01-02 11:36:00,0,0.0
2020-01-02 11:37:00,0,0.0
2020-01-02 11:38:00,0,0.0
2020-01-02 11:39:00,0,0.0
2020-01-02 11:40:00,0,0.0
2020-01-02 11:41:00,0,0.0
2020-01-02 11:42:00,0,0.0
2020-01-02 11:43:00,0,0.0
2020-01-02 11:44:00,0,0.0
2020-01-02 11:45:00,0,0.0
2020-01-02 11:46:00,0,0.0
2020-01-02 11:47:00,0,0.0
2020-01-02 11:48:00,0,0.0
2020-01-02 11:49:00,0,0.0
2020-01-02 11:50:00,0,0.0
2020-01-02 11:51:00,0,0.0
2020-01-02 11:52:00,0,0.0
2020-01-02 11:53:00,0,0.0
2020-01-02 11:54:00,0,0.0
2020-01-02 11:55:00,0,0.0
2020-01-02 11:56:00,0,0.0
2020-01-02 11:57:00,0,0.0
2020-01-02 11:58:00,0,0.0
2020-01-02 11:59:00,0,0.0
2020-01-02 12:00:00,0,0.0
2020-01-02 12:01:00,0,0.0
2020-01-02 12:02:00,0,0.0
2020-01-02 12:03:00,0,0.0
2020-01-02 12:04:00,0,0.0
2020-01-02 12:05:00,0,0.0
2020-01-02 12:06:00,0,0.0
2020-01-02 12:07:00,0,0.0
2020-01-02 12:08:00,0,0.0
2020-01-02 12:09:00,0,0.0
2020-01-02 12:10:00,0,0.0
2020-01-02 12:11:00,0,0.0
2020-01-02 12:12:00,0,0.0
2020-01-02 12:13:00,0,0.0
2020-01-02 12:14:00,0,0.0
2020-01-02 12:15:00,0,0.0
2020-01-02 12:16:00,0,0.0
2020-01-02 12:17:00,0,0.0
2020-01-02 12:18:00,0,0.0
2020-01-02 12:19:00,0,0.0
2020-01-02 12:20:00,0,0.0
2020-01-02 12:21:00,0,0.0
2020-01-02 12:22:00,0,0.0
2020-01-02 12:23:00,0,0.0
2020-01-02 12:24:00,0,0.0
2020-01-02 12:25:00,0,0.0
2020-01-02 12:26:00,0,0.0
2020-01-02 12:27:00,0,0.0
2020-01-02 12:28:00,0,0.0
2020-01-02 12:29:00,0,0.0
2020-01-02 12:30:00,0,0.0
2020-01-02 12:31:00,0,0.0
2020-01-02 12:32:00,0,0.0
2020-01-02 12:33:00,0,0.0
2020-01-02 12:34:00,0,0.0
2020-01-02 12:35:00,0,0.0
2020-01-02 12:36:00,0,0.0
2020-01-02 12:37:00,0,0.0
2020-01-02 12:38:00,0,0.0
2020-01-02 12:39:00,0,0.0
2020-01-02 12:40:00,0,0.0
2020-01-02 12:41:00,0,0.0
2020-01-02 12:42:00,0,0.0
2020-01-02 12:43:00,0,0.0
2020-01-02 12:44:00,0,0.0
2020-01-02 12:45:00,0,0.0
2020-01-02 12:46:00,0,0.0
2020-01-02 12:47:00,0,0.0
2020-01-02 12:48:00,0,0.0
2020-01-02 12:49:00,0,0.0
2020-01-02 12:50:00,0,0.0
2020-01-02 12:51:00,0,0.0
2020-01-02 12:52:00,0,0.0
2020-01-02 12:53:00,0,0.0
2020-01-02 12:54:00,0,0.0
2020-01-02 12:55:00,0,0.0
2020-01-02 12:56:00,0,0.0
2020-01-02 12:57:00,0,0.0
2020-01-02 12:58:00,0,0.0
2020-01-02 12:59:00,0,0.0
2020-01-02 13:00:00,0,0.0
2020-01-02 13:01:00,0,0.0
2020-01-02 13:02:00,0,0.0
2020-01-02 13:03:00,0,0.0
2020-01-02 13:04:00,0,0.0
2020-01-02 13:05:00,0,0.0
2020-01-02 13:06:00,0,0.0
2020-01-02 13:07:00,0,0.0
2020-01-02 13:08:00,0,0.0
2020-01-02 13:09:00,0,0.0
2020-01-02 13:10:00,0,0.0
2020-01-02 13:11:00,0,0.0
2020-01-02 13:12:00,0,0.0
2020-01-02 13:13:00,0,0.0
2020-01-02 13:14:00,0,0.0
2020-01-02 13:15:00,0,0.0
2020-01-02 13:16:00,0,0.0
2020-01-02 13:17:00,0,0.0
2020-01-02 13:18:00,0,0.0
2020-01-02 13:19:00,0,0.0
2020-01-02 13:20:00,0,0.0
2020-01-02 13:21:00,0,0.0
2020-01-02 13:22:00,0,0.0
2020-01-02 13:23:00,0,0.0
2020-01-02 13:24:00,0,0.0
2020-01-02 13:25:00,0,0.0
2020-01-02 13:26:00,0,0.0
2020-01-02 13:27:00,0,0.0
2020-01-02 13:28:00,0,0.0
2020-01-02 13:29:00,0,0.0
2020-01-02 13:30:00,0,0.0
2020-01-02 13:31:00,0,0.0
2020-01-02 13:32:00,0,0.0
2020-01-02 13:33:00,0,0.0
2020-01-02 13:34:00,0,0.0
2020-01-02 13:35:00,0,0.0
2020-01-02 13:36:00,0,0.0
2020-01-02 13:37:00,0,0.0
2020-01-02 13:38:00,0,0.0
2020-01-02 13:39:00,0,0.0
2020-01-02 13:40:00,0,0.0
2020-01-02 13:41:00,0,0.0
2020-01-02 13:42:00,0,0.0
2020-01-02 13:43:00,0,0.0
2020-01-02 13:44:00,0,0.0
2020-01-02 13:45:00,0,0.0
2020-01-02 13:46:00,0,0.0
2020-01-02 13:47:00,0,0.0
2020-01-02 13:48:00,0,0.0
2020-01-02 13:49:00,0,0.0
2020-01-02 13:50:00,0,0.0
2020-01-02 13:51:00,0,0.0
2020-01-02 13:52:00,0,0.0
2020-01-02 13:53:00,0,0.0
2020-01-02 13:54:00,0,0.0
2020-01-02 13:55:00,0,0.0
2020-01-02 13:56:00,0,0.0
2020-01-02 13:57:00,0,0.0
2020-01-02 13:58:00,0,0.0
2020-01-02 13:59:00,0,0.0
2020-01-02 14:00:00,0,0.0
2020-01-02 14:01:00,0,0.0
2020-01-02 14:02:00,0,0.0
2020-01-02 14:03:00,0,0.0
2020-01-02 14:04:00,0,0.0
2020-01-02 14:05:00,0,0.0
2020-01-02 14:06:00,0,0.0
2020-01-02 14:07:00,0,0.0
2020-01-02 14:08:00,0,0.0
2020-01-02 14:09:00,0,0.0
2020-01-02 14:10:00,0,0.0
2020-01-02 14:11:00,0,0.0
2020-01-02 14:12:00,0,0.0
2020-01-02 14:13:00,0,0.0
2020-01-02 14:14:00,0,0.0
2020-01-02 14:15:00,0,0.0
2020-01-02 14:16:00,0,0.0
2020-01-02 14:17:00,0,0.0
2020-01-02 14:18:00,0,0.0
2020-01-02 14:19:00,0,0.0
2020-01-02 14:20:00,0,0.0
2020-01-02 14:21:00,0,0.0
2020-01-02 14:22:00,0,0.0
2020-01-02 14:23:00,0,0.0
2020-01-02 14:24:00,0,0.0
2020-01-02 14:25:00,0,0.0
2020-01-02 14:26:00,0,0.0
2020-01-02 14:27:00,0,0.0
2020-01-02 14:28:00,0,0.0
2020-01-02 14:29:00,0,0.0
2020-01-02 14:30:00,0,0.0
2020-01-02 14:31:00,0,0.0
2020-01-02 14:32:00,0,0.0
2020-01-02 14:33:00,0,0.0
2020-01-02 14:34:00,0,0.0
2020-01-02 14:35:00,0,0.0
2020-01-02 14:36:00,0,0.0
2020-01-02 14:37:00,0,0.0
2020-01-02 14:38:00,0,0.0
2020-01-02 14:39:00,0,0.0
2020-01-02 14:40:00,0,0.0
2020-01-02 14:41:00,0,0.0
2020-01-02 14:42:00,0,0.0
2020-01-02 14:43:00,0,0.0
2020-01-02 14:44:00,0,0.0
2020-01-02 14:45:00,0,0.0
2020-01-02 14:46:00,0,0.0
2020-01-02 14:47:00,0,0.0
2020-01-02 14:48:00,0,0.0
2020-01-02 14:49:00,0,0.0
2020-01-02 14:50:00,0,0.0
2020-01-02 14:51:00,0,0.0
2020-01-02 14:52:00,0,0.0
2020-01-02 14:53:00,0,0.0
2020-01-02 14:54:00,0,0.0
2020-01-02 14:55:00,0,0.0
2020-01-02 14:56:00,0,0.0
2020-01-02 14:57:00,0,0.0
2020-01-02 14:58:00,0,0.0
2020-01-02 14:59:00,0,0.0
2020-01-02 15:00:00,0,0.0
2020-01-02 15:01:00,0,0.0
2020-01-02 15:02:00,0,0.0
2020-01-02 15:03:00,0,0.0
2020-01-02 15:04:00,0,0.0
2020-01-02 15:05:00,0,0.0
2020-01-02 15:06:00,0,0.0
2020-01-02 15:07:00,0,0.0
2020-01-02 15:08:00,0,0.0
2020-01-02 15:09:00,0,0.0
2020-01-02 15:10:00,0,0.0
2020-01-02 15:11:00,0,0.0
2020-01-02 15:12:00,0,0.0
2020-01-02 15:13:00,0,0.0
2020-01-02 15:14:00,0,0.0
2020-01-02 15:15:00,0,0.0
2020-01-02 15:16:00,0,0.0
2020-01-02 15:17:00,0,0.0
2020-01-02 15:18:00,0,0.0
2020-01-02 15:19:00,0,0.0
2020-01-02 15:20:00,0,0.0
2020-01-02 15:21:00,0,0.0
2020-01-02 15:22:00,0,0.0
2020-01-02 15:23:00,0,0.0
2020-01-02 15:24:00,0,0.0
2020-01-02 15:25:00,0,0.0
2020-01-02 15:26:00,0,0.0
2020-01-02 15:27:00,0,0.0
2020-01-02 15:28:00,0,0.0
2020-01-02 15:29:00,0,0.0
2020-01-02 15:30:00,0,0.0
2020-01-02 15:31:00,0,0.0
2020-01-02 15:32:00,0,0.0
2020-01-02 15:33:00,0,0.0
2020-01-02 15:34:00,0,0.0
2020-01-02 15:35:00,0,0.0
2020-01-02 15:36:00,0,0.0
2020-01-02 15:37:00,0,0.0
2020-01-02 15:38:00,0,0.0
2020-01-02 15:39:00,0,0.0
